slice_file_name,fsID,start,end,salience,fold,classID,class,audio_path,label,true_class,pred_class,confidence,correct,prob_air_conditioner,prob_car_horn,prob_children_playing,prob_dog_bark,prob_drilling,prob_engine_idling,prob_gun_shot,prob_jackhammer,prob_siren,prob_street_music
100648-1-0-0.wav,100648,4.823402,5.471927,2,10,1,car_horn,C:\Users\USER\Desktop\한이음\학습파일\UrbanSound8K\audio\fold10\100648-1-0-0.wav,1,car_horn,car_horn,0.973,True,0.0026,0.973,0.00246,0.002865,0.00251,0.002104,0.003813,0.003729,0.002415,0.00427
100648-1-1-0.wav,100648,8.998279,10.052132,2,10,1,car_horn,C:\Users\USER\Desktop\한이음\학습파일\UrbanSound8K\audio\fold10\100648-1-1-0.wav,1,car_horn,car_horn,0.962,True,0.003448,0.962,0.007397,0.004738,0.002691,0.003782,0.003616,0.005013,0.00458,0.002893
100648-1-2-0.wav,100648,16.699509,17.104837,2,10,1,car_horn,C:\Users\USER\Desktop\한이음\학습파일\UrbanSound8K\audio\fold10\100648-1-2-0.wav,1,car_horn,car_horn,0.977,True,0.002596,0.977,0.002008,0.002466,0.002825,0.002352,0.00352,0.003155,0.002089,0.00217
100648-1-3-0.wav,100648,17.631764,19.253075,2,10,1,car_horn,C:\Users\USER\Desktop\한이음\학습파일\UrbanSound8K\audio\fold10\100648-1-3-0.wav,1,car_horn,car_horn,0.97,True,0.00388,0.97,0.004868,0.003193,0.002172,0.003798,0.003216,0.003876,0.00301,0.002003
100648-1-4-0.wav,100648,25.332994,27.197502,2,10,1,car_horn,C:\Users\USER\Desktop\한이음\학습파일\UrbanSound8K\audio\fold10\100648-1-4-0.wav,1,car_horn,car_horn,0.9624,True,0.002928,0.9624,0.00302,0.00402,0.005302,0.003828,0.005573,0.004997,0.00397,0.003944
100795-3-0-0.wav,100795,0.19179,4.19179,1,10,3,dog_bark,C:\Users\USER\Desktop\한이음\학습파일\UrbanSound8K\audio\fold10\100795-3-0-0.wav,3,dog_bark,dog_bark,0.966,True,0.004665,0.003098,0.002533,0.966,0.003675,0.004894,0.004692,0.002861,0.003172,0.004692
100795-3-1-0.wav,100795,13.059155,17.059155,1,10,3,dog_bark,C:\Users\USER\Desktop\한이음\학습파일\UrbanSound8K\audio\fold10\100795-3-1-0.wav,3,dog_bark,dog_bark,0.965,True,0.00416,0.003218,0.002659,0.965,0.00416,0.00405,0.005787,0.003035,0.003063,0.004982
100795-3-1-1.wav,100795,13.559155,17.559155,1,10,3,dog_bark,C:\Users\USER\Desktop\한이음\학습파일\UrbanSound8K\audio\fold10\100795-3-1-1.wav,3,dog_bark,dog_bark,0.9634,True,0.004093,0.003098,0.00266,0.9634,0.004154,0.00428,0.00634,0.003197,0.003584,0.00503
100795-3-1-2.wav,100795,14.059155,18.059155,1,10,3,dog_bark,C:\Users\USER\Desktop\한이음\학습파일\UrbanSound8K\audio\fold10\100795-3-1-2.wav,3,dog_bark,dog_bark,0.961,True,0.00434,0.00375,0.002642,0.961,0.004936,0.004604,0.00689,0.00322,0.00367,0.005177
101382-2-0-10.wav,101382,5.0,9.0,1,10,2,children_playing,C:\Users\USER\Desktop\한이음\학습파일\UrbanSound8K\audio\fold10\101382-2-0-10.wav,2,children_playing,children_playing,0.9546,True,0.005,0.004917,0.9546,0.005974,0.005096,0.00566,0.00495,0.003632,0.005253,0.005116
101382-2-0-12.wav,101382,6.0,10.0,1,10,2,children_playing,C:\Users\USER\Desktop\한이음\학습파일\UrbanSound8K\audio\fold10\101382-2-0-12.wav,2,children_playing,children_playing,0.9526,True,0.005295,0.005383,0.9526,0.00626,0.00602,0.005833,0.005093,0.00403,0.00401,0.005432
101382-2-0-20.wav,101382,10.0,14.0,1,10,2,children_playing,C:\Users\USER\Desktop\한이음\학습파일\UrbanSound8K\audio\fold10\101382-2-0-20.wav,2,children_playing,children_playing,0.911,True,0.00521,0.00516,0.911,0.04474,0.007412,0.00679,0.00517,0.003216,0.00594,0.00508
101382-2-0-21.wav,101382,10.5,14.5,1,10,2,children_playing,C:\Users\USER\Desktop\한이음\학습파일\UrbanSound8K\audio\fold10\101382-2-0-21.wav,2,children_playing,children_playing,0.962,True,0.004734,0.00422,0.962,0.00484,0.005375,0.004303,0.004013,0.002914,0.00415,0.003704
101382-2-0-29.wav,101382,14.5,18.5,1,10,2,children_playing,C:\Users\USER\Desktop\한이음\학습파일\UrbanSound8K\audio\fold10\101382-2-0-29.wav,2,children_playing,children_playing,0.9546,True,0.003918,0.00508,0.9546,0.00664,0.005615,0.005234,0.00488,0.003752,0.005745,0.004326
101382-2-0-33.wav,101382,16.5,20.5,1,10,2,children_playing,C:\Users\USER\Desktop\한이음\학습파일\UrbanSound8K\audio\fold10\101382-2-0-33.wav,2,children_playing,children_playing,0.965,True,0.00316,0.003391,0.965,0.005848,0.00382,0.004013,0.004025,0.003117,0.003834,0.004055
101382-2-0-42.wav,101382,21.0,25.0,1,10,2,children_playing,C:\Users\USER\Desktop\한이음\학습파일\UrbanSound8K\audio\fold10\101382-2-0-42.wav,2,children_playing,children_playing,0.958,True,0.003899,0.00448,0.958,0.00459,0.006104,0.00467,0.00478,0.003284,0.005478,0.004673
101382-2-0-45.wav,101382,22.5,26.5,1,10,2,children_playing,C:\Users\USER\Desktop\한이음\학습파일\UrbanSound8K\audio\fold10\101382-2-0-45.wav,2,children_playing,children_playing,0.957,True,0.002228,0.004646,0.957,0.004684,0.005836,0.004436,0.003918,0.003424,0.00263,0.01125
102103-3-0-0.wav,102103,1.97603,2.508892,2,10,3,dog_bark,C:\Users\USER\Desktop\한이음\학습파일\UrbanSound8K\audio\fold10\102103-3-0-0.wav,3,dog_bark,dog_bark,0.9663,True,0.00163,0.004704,0.005257,0.9663,0.003859,0.002073,0.006153,0.003588,0.0046,0.001791
102103-3-1-0.wav,102103,4.179637,4.568182,2,10,3,dog_bark,C:\Users\USER\Desktop\한이음\학습파일\UrbanSound8K\audio\fold10\102103-3-1-0.wav,3,dog_bark,dog_bark,0.816,True,0.001056,0.03983,0.01804,0.816,0.01443,0.004406,0.03705,0.0081,0.0542,0.006905
102857-5-0-0.wav,102857,0.0,4.0,1,10,5,engine_idling,C:\Users\USER\Desktop\한이음\학습파일\UrbanSound8K\audio\fold10\102857-5-0-0.wav,5,engine_idling,engine_idling,0.8877,True,0.002504,0.00797,0.004124,0.006996,0.0143,0.8877,0.00868,0.04306,0.006195,0.01826
102857-5-0-1.wav,102857,0.5,4.5,1,10,5,engine_idling,C:\Users\USER\Desktop\한이음\학습파일\UrbanSound8K\audio\fold10\102857-5-0-1.wav,5,engine_idling,engine_idling,0.9434,True,0.001715,0.004875,0.002892,0.005833,0.00816,0.9434,0.006405,0.01399,0.00473,0.00787
102857-5-0-10.wav,102857,5.0,9.0,1,10,5,engine_idling,C:\Users\USER\Desktop\한이음\학습파일\UrbanSound8K\audio\fold10\102857-5-0-10.wav,5,engine_idling,engine_idling,0.952,True,0.001424,0.004715,0.0026,0.00576,0.007755,0.952,0.005352,0.00917,0.003765,0.007465
102857-5-0-11.wav,102857,5.5,9.5,1,10,5,engine_idling,C:\Users\USER\Desktop\한이음\학습파일\UrbanSound8K\audio\fold10\102857-5-0-11.wav,5,engine_idling,engine_idling,0.957,True,0.001404,0.004745,0.002626,0.005543,0.00568,0.957,0.005592,0.00722,0.00379,0.0064
102857-5-0-12.wav,102857,6.0,10.0,1,10,5,engine_idling,C:\Users\USER\Desktop\한이음\학습파일\UrbanSound8K\audio\fold10\102857-5-0-12.wav,5,engine_idling,engine_idling,0.9565,True,0.001383,0.00422,0.002691,0.005455,0.006004,0.9565,0.005344,0.00831,0.003918,0.006306
102857-5-0-13.wav,102857,6.5,10.5,1,10,5,engine_idling,C:\Users\USER\Desktop\한이음\학습파일\UrbanSound8K\audio\fold10\102857-5-0-13.wav,5,engine_idling,engine_idling,0.903,True,0.002745,0.007835,0.00406,0.00723,0.013245,0.903,0.008766,0.032,0.005405,0.01608
102857-5-0-14.wav,102857,7.0,11.0,1,10,5,engine_idling,C:\Users\USER\Desktop\한이음\학습파일\UrbanSound8K\audio\fold10\102857-5-0-14.wav,5,engine_idling,engine_idling,0.9243,True,0.002485,0.00704,0.003515,0.006874,0.01029,0.9243,0.0082,0.0198,0.00501,0.012344
102857-5-0-15.wav,102857,7.5,11.5,1,10,5,engine_idling,C:\Users\USER\Desktop\한이음\학습파일\UrbanSound8K\audio\fold10\102857-5-0-15.wav,5,engine_idling,engine_idling,0.948,True,0.002005,0.004898,0.002918,0.00593,0.00743,0.948,0.00648,0.01144,0.003925,0.006496
102857-5-0-16.wav,102857,8.0,12.0,1,10,5,engine_idling,C:\Users\USER\Desktop\한이음\학습파일\UrbanSound8K\audio\fold10\102857-5-0-16.wav,5,engine_idling,engine_idling,0.9497,True,0.001477,0.0049,0.002962,0.00537,0.00769,0.9497,0.006184,0.01095,0.003775,0.00703
102857-5-0-17.wav,102857,8.5,12.5,1,10,5,engine_idling,C:\Users\USER\Desktop\한이음\학습파일\UrbanSound8K\audio\fold10\102857-5-0-17.wav,5,engine_idling,engine_idling,0.944,True,0.001422,0.005066,0.003332,0.005947,0.008026,0.944,0.006855,0.01362,0.00426,0.00758
102857-5-0-18.wav,102857,9.0,13.0,1,10,5,engine_idling,C:\Users\USER\Desktop\한이음\학습파일\UrbanSound8K\audio\fold10\102857-5-0-18.wav,5,engine_idling,engine_idling,0.945,True,0.001407,0.00438,0.003828,0.00628,0.007355,0.945,0.00682,0.01277,0.004314,0.00778
102857-5-0-19.wav,102857,9.5,13.5,1,10,5,engine_idling,C:\Users\USER\Desktop\한이음\학습파일\UrbanSound8K\audio\fold10\102857-5-0-19.wav,5,engine_idling,engine_idling,0.951,True,0.001303,0.004215,0.003447,0.00572,0.00729,0.951,0.00588,0.01021,0.003918,0.006966
102857-5-0-2.wav,102857,1.0,5.0,1,10,5,engine_idling,C:\Users\USER\Desktop\한이음\학습파일\UrbanSound8K\audio\fold10\102857-5-0-2.wav,5,engine_idling,engine_idling,0.9526,True,0.001595,0.004997,0.002506,0.005196,0.007023,0.9526,0.006107,0.0085,0.00467,0.00674
102857-5-0-20.wav,102857,10.0,14.0,1,10,5,engine_idling,C:\Users\USER\Desktop\한이음\학습파일\UrbanSound8K\audio\fold10\102857-5-0-20.wav,5,engine_idling,engine_idling,0.9463,True,0.001549,0.00516,0.002953,0.0059,0.00783,0.9463,0.00585,0.01183,0.004066,0.00861
102857-5-0-21.wav,102857,10.5,14.5,1,10,5,engine_idling,C:\Users\USER\Desktop\한이음\학습파일\UrbanSound8K\audio\fold10\102857-5-0-21.wav,5,engine_idling,engine_idling,0.9443,True,0.001444,0.004795,0.003265,0.006397,0.007782,0.9443,0.006046,0.01306,0.003963,0.00897
102857-5-0-22.wav,102857,11.0,15.0,1,10,5,engine_idling,C:\Users\USER\Desktop\한이음\학습파일\UrbanSound8K\audio\fold10\102857-5-0-22.wav,5,engine_idling,engine_idling,0.929,True,0.001835,0.00566,0.003424,0.007378,0.01008,0.929,0.00761,0.01942,0.00458,0.01072
102857-5-0-23.wav,102857,11.5,15.5,1,10,5,engine_idling,C:\Users\USER\Desktop\한이음\학습파일\UrbanSound8K\audio\fold10\102857-5-0-23.wav,5,engine_idling,engine_idling,0.9355,True,0.001667,0.00568,0.003368,0.006817,0.0088,0.9355,0.007256,0.01473,0.004936,0.01118
102857-5-0-24.wav,102857,12.0,16.0,1,10,5,engine_idling,C:\Users\USER\Desktop\한이음\학습파일\UrbanSound8K\audio\fold10\102857-5-0-24.wav,5,engine_idling,engine_idling,0.9497,True,0.001543,0.00558,0.002928,0.00534,0.0068,0.9497,0.0062,0.00951,0.00454,0.007652
102857-5-0-25.wav,102857,12.5,16.5,1,10,5,engine_idling,C:\Users\USER\Desktop\한이음\학습파일\UrbanSound8K\audio\fold10\102857-5-0-25.wav,5,engine_idling,engine_idling,0.949,True,0.00169,0.00531,0.0027,0.005802,0.007633,0.949,0.00674,0.009995,0.00413,0.006744
102857-5-0-26.wav,102857,13.0,17.0,1,10,5,engine_idling,C:\Users\USER\Desktop\한이음\학습파일\UrbanSound8K\audio\fold10\102857-5-0-26.wav,5,engine_idling,engine_idling,0.9463,True,0.001618,0.005753,0.00284,0.00533,0.009544,0.9463,0.00632,0.01009,0.00422,0.00781
102857-5-0-27.wav,102857,13.5,17.5,1,10,5,engine_idling,C:\Users\USER\Desktop\한이음\학습파일\UrbanSound8K\audio\fold10\102857-5-0-27.wav,5,engine_idling,engine_idling,0.9526,True,0.001795,0.00487,0.002678,0.005108,0.007835,0.9526,0.00641,0.008255,0.003632,0.006916
102857-5-0-28.wav,102857,14.0,18.0,1,10,5,engine_idling,C:\Users\USER\Desktop\한이음\학습파일\UrbanSound8K\audio\fold10\102857-5-0-28.wav,5,engine_idling,engine_idling,0.951,True,0.00187,0.00443,0.002829,0.006603,0.00708,0.951,0.007225,0.008354,0.003975,0.00668
102857-5-0-29.wav,102857,14.5,18.5,1,10,5,engine_idling,C:\Users\USER\Desktop\한이음\학습파일\UrbanSound8K\audio\fold10\102857-5-0-29.wav,5,engine_idling,engine_idling,0.949,True,0.001974,0.004665,0.002722,0.006603,0.007645,0.949,0.00653,0.00922,0.004128,0.007187
102857-5-0-3.wav,102857,1.5,5.5,1,10,5,engine_idling,C:\Users\USER\Desktop\한이음\학습파일\UrbanSound8K\audio\fold10\102857-5-0-3.wav,5,engine_idling,engine_idling,0.953,True,0.001597,0.00558,0.00252,0.005005,0.00623,0.953,0.005753,0.009415,0.004406,0.006393
102857-5-0-30.wav,102857,15.0,19.0,1,10,5,engine_idling,C:\Users\USER\Desktop\한이음\학습파일\UrbanSound8K\audio\fold10\102857-5-0-30.wav,5,engine_idling,engine_idling,0.9507,True,0.002008,0.004707,0.00289,0.005966,0.00672,0.9507,0.006073,0.00998,0.003956,0.00711
102857-5-0-4.wav,102857,2.0,6.0,1,10,5,engine_idling,C:\Users\USER\Desktop\한이음\학습파일\UrbanSound8K\audio\fold10\102857-5-0-4.wav,5,engine_idling,engine_idling,0.9463,True,0.001731,0.005047,0.002914,0.00524,0.00734,0.9463,0.006413,0.013435,0.004494,0.007057
102857-5-0-5.wav,102857,2.5,6.5,1,10,5,engine_idling,C:\Users\USER\Desktop\한이음\학습파일\UrbanSound8K\audio\fold10\102857-5-0-5.wav,5,engine_idling,engine_idling,0.9453,True,0.001825,0.004856,0.002943,0.005745,0.008064,0.9453,0.00642,0.01293,0.004242,0.007465
102857-5-0-6.wav,102857,3.0,7.0,1,10,5,engine_idling,C:\Users\USER\Desktop\한이음\학습파일\UrbanSound8K\audio\fold10\102857-5-0-6.wav,5,engine_idling,engine_idling,0.949,True,0.001769,0.00515,0.002768,0.005814,0.00785,0.949,0.006275,0.009705,0.004154,0.007103
102857-5-0-7.wav,102857,3.5,7.5,1,10,5,engine_idling,C:\Users\USER\Desktop\한이음\학습파일\UrbanSound8K\audio\fold10\102857-5-0-7.wav,5,engine_idling,engine_idling,0.9507,True,0.001669,0.005013,0.002625,0.00522,0.007336,0.9507,0.006123,0.01042,0.003975,0.00699
102857-5-0-8.wav,102857,4.0,8.0,1,10,5,engine_idling,C:\Users\USER\Desktop\한이음\학습파일\UrbanSound8K\audio\fold10\102857-5-0-8.wav,5,engine_idling,engine_idling,0.9434,True,0.001753,0.00499,0.002958,0.005196,0.00842,0.9434,0.006466,0.01474,0.00439,0.00792
102857-5-0-9.wav,102857,4.5,8.5,1,10,5,engine_idling,C:\Users\USER\Desktop\한이음\학습파일\UrbanSound8K\audio\fold10\102857-5-0-9.wav,5,engine_idling,engine_idling,0.9497,True,0.001519,0.004818,0.0027,0.005207,0.00816,0.9497,0.00509,0.01155,0.004337,0.00707
103438-5-0-0.wav,103438,0.0,4.0,2,10,5,engine_idling,C:\Users\USER\Desktop\한이음\학습파일\UrbanSound8K\audio\fold10\103438-5-0-0.wav,5,engine_idling,engine_idling,0.8643,True,0.02998,0.003906,0.0105,0.00854,0.04547,0.8643,0.003828,0.0192,0.007072,0.007114
103438-5-0-1.wav,103438,0.5,4.5,2,10,5,engine_idling,C:\Users\USER\Desktop\한이음\학습파일\UrbanSound8K\audio\fold10\103438-5-0-1.wav,5,engine_idling,engine_idling,0.7983,True,0.082,0.004807,0.008286,0.00682,0.05002,0.7983,0.00497,0.024,0.01432,0.006363
103438-5-0-2.wav,103438,1.0,5.0,2,10,5,engine_idling,C:\Users\USER\Desktop\한이음\학습파일\UrbanSound8K\audio\fold10\103438-5-0-2.wav,5,engine_idling,engine_idling,0.752,True,0.1709,0.004147,0.010056,0.00829,0.0219,0.752,0.00468,0.00862,0.01399,0.005478
106014-5-0-0.wav,106014,4.400954,8.400953999999999,1,10,5,engine_idling,C:\Users\USER\Desktop\한이음\학습파일\UrbanSound8K\audio\fold10\106014-5-0-0.wav,5,engine_idling,air_conditioner,0.4163,False,0.4163,0.00714,0.0066,0.02003,0.09766,0.327,0.009575,0.0423,0.0671,0.006496
106014-5-0-1.wav,106014,4.900954,8.900953999999999,1,10,5,engine_idling,C:\Users\USER\Desktop\한이음\학습파일\UrbanSound8K\audio\fold10\106014-5-0-1.wav,5,engine_idling,engine_idling,0.453,True,0.2329,0.0057,0.00677,0.02383,0.05725,0.453,0.00952,0.012794,0.1927,0.005657
106014-5-0-2.wav,106014,5.400954,9.400954,1,10,5,engine_idling,C:\Users\USER\Desktop\한이음\학습파일\UrbanSound8K\audio\fold10\106014-5-0-2.wav,5,engine_idling,air_conditioner,0.4663,False,0.4663,0.006115,0.006718,0.02156,0.09424,0.2512,0.008736,0.02274,0.11694,0.005386
106014-5-0-3.wav,106014,5.900954,9.900954,1,10,5,engine_idling,C:\Users\USER\Desktop\한이음\학습파일\UrbanSound8K\audio\fold10\106014-5-0-3.wav,5,engine_idling,air_conditioner,0.7466,False,0.7466,0.004917,0.004467,0.01625,0.07184,0.03998,0.00632,0.01067,0.09564,0.003242
106014-5-0-4.wav,106014,6.400954,10.400954,1,10,5,engine_idling,C:\Users\USER\Desktop\한이음\학습파일\UrbanSound8K\audio\fold10\106014-5-0-4.wav,5,engine_idling,air_conditioner,0.8203,False,0.8203,0.00479,0.003567,0.009056,0.0481,0.05377,0.004143,0.012054,0.04062,0.003805
115241-9-0-1.wav,115241,0.5,4.5,1,10,9,street_music,C:\Users\USER\Desktop\한이음\학습파일\UrbanSound8K\audio\fold10\115241-9-0-1.wav,9,street_music,street_music,0.976,True,0.001397,0.001107,0.004555,0.001146,0.003895,0.00328,0.00216,0.001982,0.00454,0.976
115241-9-0-14.wav,115241,7.0,11.0,1,10,9,street_music,C:\Users\USER\Desktop\한이음\학습파일\UrbanSound8K\audio\fold10\115241-9-0-14.wav,9,street_music,street_music,0.9673,True,0.001078,0.001482,0.01599,0.00119,0.00393,0.002333,0.001756,0.002369,0.002462,0.9673
115241-9-0-2.wav,115241,1.0,5.0,1,10,9,street_music,C:\Users\USER\Desktop\한이음\학습파일\UrbanSound8K\audio\fold10\115241-9-0-2.wav,9,street_music,street_music,0.978,True,0.000997,0.001161,0.00365,0.001036,0.0042,0.002747,0.00237,0.001822,0.003918,0.978
115241-9-0-20.wav,115241,10.0,14.0,1,10,9,street_music,C:\Users\USER\Desktop\한이음\학습파일\UrbanSound8K\audio\fold10\115241-9-0-20.wav,9,street_music,street_music,0.9727,True,0.001723,0.000954,0.004276,0.001743,0.004383,0.003202,0.002483,0.00361,0.00493,0.9727
115241-9-0-6.wav,115241,3.0,7.0,1,10,9,street_music,C:\Users\USER\Desktop\한이음\학습파일\UrbanSound8K\audio\fold10\115241-9-0-6.wav,9,street_music,street_music,0.9727,True,0.0012045,0.001139,0.00735,0.001828,0.004887,0.002752,0.001838,0.002895,0.00368,0.9727
115241-9-0-8.wav,115241,4.0,8.0,1,10,9,street_music,C:\Users\USER\Desktop\한이음\학습파일\UrbanSound8K\audio\fold10\115241-9-0-8.wav,9,street_music,street_music,0.9785,True,0.0006084,0.001176,0.00557,0.00121,0.003868,0.002005,0.0014925,0.00231,0.003439,0.9785
115241-9-0-9.wav,115241,4.5,8.5,1,10,9,street_music,C:\Users\USER\Desktop\한이음\학습파일\UrbanSound8K\audio\fold10\115241-9-0-9.wav,9,street_music,street_music,0.9775,True,0.000749,0.001158,0.00544,0.001012,0.004307,0.002356,0.001698,0.002613,0.003063,0.9775
115418-9-0-11.wav,115418,5.5,9.5,1,10,9,street_music,C:\Users\USER\Desktop\한이음\학습파일\UrbanSound8K\audio\fold10\115418-9-0-11.wav,9,street_music,street_music,0.9785,True,0.00361,0.001085,0.002117,0.001455,0.003454,0.002127,0.002693,0.002922,0.00224,0.9785
115418-9-0-12.wav,115418,6.0,10.0,1,10,9,street_music,C:\Users\USER\Desktop\한이음\학습파일\UrbanSound8K\audio\fold10\115418-9-0-12.wav,9,street_music,street_music,0.9795,True,0.002403,0.001205,0.002232,0.001618,0.00388,0.001872,0.002214,0.00332,0.001834,0.9795
115418-9-0-15.wav,115418,7.5,11.5,1,10,9,street_music,C:\Users\USER\Desktop\한이음\학습파일\UrbanSound8K\audio\fold10\115418-9-0-15.wav,9,street_music,street_music,0.9814,True,0.002604,0.001354,0.001859,0.000986,0.004692,0.001426,0.001858,0.002033,0.001744,0.9814
115418-9-0-20.wav,115418,10.0,14.0,1,10,9,street_music,C:\Users\USER\Desktop\한이음\학습파일\UrbanSound8K\audio\fold10\115418-9-0-20.wav,9,street_music,street_music,0.9507,True,0.01762,0.002638,0.003054,0.003357,0.006992,0.003244,0.005062,0.002302,0.004837,0.9507
115418-9-0-29.wav,115418,14.5,18.5,1,10,9,street_music,C:\Users\USER\Desktop\한이음\학습파일\UrbanSound8K\audio\fold10\115418-9-0-29.wav,9,street_music,street_music,0.9863,True,0.001458,0.0005226,0.0008492,0.0007386,0.002537,0.001892,0.001845,0.00246,0.001324,0.9863
115418-9-0-6.wav,115418,3.0,7.0,1,10,9,street_music,C:\Users\USER\Desktop\한이음\학습파일\UrbanSound8K\audio\fold10\115418-9-0-6.wav,9,street_music,street_music,0.978,True,0.001391,0.001471,0.004017,0.00109,0.003092,0.003576,0.00226,0.002632,0.002342,0.978
11722-3-0-0.wav,11722,0.087343,1.345883,1,10,3,dog_bark,C:\Users\USER\Desktop\한이음\학습파일\UrbanSound8K\audio\fold10\11722-3-0-0.wav,3,dog_bark,dog_bark,0.963,True,0.00431,0.00556,0.002312,0.963,0.00369,0.003077,0.005207,0.002983,0.00509,0.004803
11722-3-1-0.wav,11722,2.02081,2.459512,1,10,3,dog_bark,C:\Users\USER\Desktop\한이음\학습파일\UrbanSound8K\audio\fold10\11722-3-1-0.wav,3,dog_bark,dog_bark,0.955,True,0.004585,0.00669,0.002346,0.955,0.00556,0.004562,0.00579,0.004612,0.005733,0.00528
117889-9-0-12.wav,117889,7.96625,11.96625,2,10,9,street_music,C:\Users\USER\Desktop\한이음\학습파일\UrbanSound8K\audio\fold10\117889-9-0-12.wav,9,street_music,street_music,0.976,True,0.003256,0.001193,0.00283,0.002966,0.003387,0.00279,0.00359,0.002062,0.001824,0.976
117889-9-0-20.wav,117889,11.96625,15.96625,2,10,9,street_music,C:\Users\USER\Desktop\한이음\학습파일\UrbanSound8K\audio\fold10\117889-9-0-20.wav,9,street_music,street_music,0.979,True,0.001634,0.001587,0.004063,0.002682,0.003426,0.001489,0.002499,0.001333,0.002459,0.979
117889-9-0-30.wav,117889,16.96625,20.96625,2,10,9,street_music,C:\Users\USER\Desktop\한이음\학습파일\UrbanSound8K\audio\fold10\117889-9-0-30.wav,9,street_music,street_music,0.976,True,0.00401,0.001227,0.00139,0.002708,0.003565,0.002987,0.003218,0.003,0.001848,0.976
117889-9-0-36.wav,117889,19.96625,23.96625,2,10,9,street_music,C:\Users\USER\Desktop\한이음\학습파일\UrbanSound8K\audio\fold10\117889-9-0-36.wav,9,street_music,street_music,0.9575,True,0.01117,0.002035,0.002174,0.00342,0.008095,0.003044,0.00425,0.004524,0.003914,0.9575
117889-9-0-39.wav,117889,21.46625,25.46625,2,10,9,street_music,C:\Users\USER\Desktop\한이음\학습파일\UrbanSound8K\audio\fold10\117889-9-0-39.wav,9,street_music,street_music,0.968,True,0.003496,0.002026,0.006832,0.001999,0.005585,0.002026,0.002735,0.00467,0.002687,0.968
117889-9-0-40.wav,117889,21.96625,25.96625,2,10,9,street_music,C:\Users\USER\Desktop\한이음\학습파일\UrbanSound8K\audio\fold10\117889-9-0-40.wav,9,street_music,street_music,0.976,True,0.002295,0.001567,0.00419,0.002623,0.004677,0.001365,0.0022,0.002523,0.002647,0.976
118278-4-0-0.wav,118278,0.0,4.0,2,10,4,drilling,C:\Users\USER\Desktop\한이음\학습파일\UrbanSound8K\audio\fold10\118278-4-0-0.wav,4,drilling,street_music,0.841,False,0.0015955,0.00204,0.04013,0.0042,0.0726,0.00776,0.005093,0.01404,0.011604,0.841
118278-4-0-1.wav,118278,0.5,4.5,2,10,4,drilling,C:\Users\USER\Desktop\한이음\학습파일\UrbanSound8K\audio\fold10\118278-4-0-1.wav,4,drilling,street_music,0.766,False,0.001147,0.003904,0.01753,0.00382,0.1713,0.002434,0.00737,0.01752,0.00899,0.766
118278-4-0-10.wav,118278,5.0,9.0,2,10,4,drilling,C:\Users\USER\Desktop\한이음\학습파일\UrbanSound8K\audio\fold10\118278-4-0-10.wav,4,drilling,street_music,0.8936,False,0.006783,0.0041,0.006477,0.005,0.02768,0.00871,0.005962,0.02864,0.01327,0.8936
118278-4-0-11.wav,118278,5.5,9.5,2,10,4,drilling,C:\Users\USER\Desktop\한이음\학습파일\UrbanSound8K\audio\fold10\118278-4-0-11.wav,4,drilling,street_music,0.663,False,0.01247,0.00827,0.00819,0.00736,0.1964,0.00964,0.00942,0.04956,0.03577,0.663
118278-4-0-12.wav,118278,6.0,10.0,2,10,4,drilling,C:\Users\USER\Desktop\한이음\학습파일\UrbanSound8K\audio\fold10\118278-4-0-12.wav,4,drilling,street_music,0.502,False,0.01968,0.02086,0.01022,0.00992,0.1283,0.03482,0.03076,0.1709,0.07263,0.502
118278-4-0-13.wav,118278,6.5,10.5,2,10,4,drilling,C:\Users\USER\Desktop\한이음\학습파일\UrbanSound8K\audio\fold10\118278-4-0-13.wav,4,drilling,street_music,0.9053,False,0.003168,0.005306,0.005398,0.004417,0.02827,0.010704,0.00831,0.0165,0.01266,0.9053
118278-4-0-2.wav,118278,1.0,5.0,2,10,4,drilling,C:\Users\USER\Desktop\한이음\학습파일\UrbanSound8K\audio\fold10\118278-4-0-2.wav,4,drilling,drilling,0.3518,True,0.002718,0.01174,0.08276,0.01432,0.3518,0.0147,0.01868,0.2461,0.008194,0.249
118278-4-0-3.wav,118278,1.5,5.5,2,10,4,drilling,C:\Users\USER\Desktop\한이음\학습파일\UrbanSound8K\audio\fold10\118278-4-0-3.wav,4,drilling,jackhammer,0.708,False,0.002176,0.015175,0.015434,0.00973,0.09564,0.01528,0.013725,0.708,0.003193,0.1217
118278-4-0-4.wav,118278,2.0,6.0,2,10,4,drilling,C:\Users\USER\Desktop\한이음\학습파일\UrbanSound8K\audio\fold10\118278-4-0-4.wav,4,drilling,jackhammer,0.441,False,0.002493,0.007305,0.1407,0.01501,0.0328,0.01196,0.0138,0.441,0.00529,0.3296
118278-4-0-5.wav,118278,2.5,6.5,2,10,4,drilling,C:\Users\USER\Desktop\한이음\학습파일\UrbanSound8K\audio\fold10\118278-4-0-5.wav,4,drilling,jackhammer,0.731,False,0.002424,0.0065,0.0727,0.012856,0.02493,0.00815,0.008896,0.731,0.005184,0.1273
118278-4-0-6.wav,118278,3.0,7.0,2,10,4,drilling,C:\Users\USER\Desktop\한이음\학습파일\UrbanSound8K\audio\fold10\118278-4-0-6.wav,4,drilling,jackhammer,0.801,False,0.00356,0.00824,0.01145,0.01251,0.0396,0.00952,0.010605,0.801,0.00892,0.0949
118278-4-0-7.wav,118278,3.5,7.5,2,10,4,drilling,C:\Users\USER\Desktop\한이음\학습파일\UrbanSound8K\audio\fold10\118278-4-0-7.wav,4,drilling,jackhammer,0.736,False,0.006187,0.01174,0.006523,0.0099,0.05038,0.0268,0.011314,0.736,0.0147,0.1267
118278-4-0-8.wav,118278,4.0,8.0,2,10,4,drilling,C:\Users\USER\Desktop\한이음\학습파일\UrbanSound8K\audio\fold10\118278-4-0-8.wav,4,drilling,street_music,0.8394,False,0.01293,0.005062,0.01419,0.02438,0.0322,0.013374,0.01176,0.02724,0.01968,0.8394
118278-4-0-9.wav,118278,4.5,8.5,2,10,4,drilling,C:\Users\USER\Desktop\한이음\학습파일\UrbanSound8K\audio\fold10\118278-4-0-9.wav,4,drilling,street_music,0.777,False,0.02066,0.007557,0.01094,0.01487,0.05774,0.01304,0.01617,0.06335,0.01892,0.777
118558-5-0-0.wav,118558,19.743613,23.743613,1,10,5,engine_idling,C:\Users\USER\Desktop\한이음\학습파일\UrbanSound8K\audio\fold10\118558-5-0-0.wav,5,engine_idling,air_conditioner,0.976,False,0.976,0.001367,0.000998,0.00216,0.003199,0.00428,0.001247,0.002228,0.003937,0.00465
118558-5-0-1.wav,118558,20.243613,24.243613,1,10,5,engine_idling,C:\Users\USER\Desktop\한이음\학습파일\UrbanSound8K\audio\fold10\118558-5-0-1.wav,5,engine_idling,air_conditioner,0.9185,False,0.9185,0.003138,0.0271,0.00916,0.003284,0.015335,0.004013,0.00818,0.006336,0.00483
118558-5-0-2.wav,118558,20.743613,24.743613,1,10,5,engine_idling,C:\Users\USER\Desktop\한이음\학습파일\UrbanSound8K\audio\fold10\118558-5-0-2.wav,5,engine_idling,air_conditioner,0.9404,False,0.9404,0.00232,0.01646,0.006584,0.002905,0.008194,0.002306,0.00715,0.00801,0.00563
118558-5-1-0.wav,118558,31.128617,35.128617,1,10,5,engine_idling,C:\Users\USER\Desktop\한이음\학습파일\UrbanSound8K\audio\fold10\118558-5-1-0.wav,5,engine_idling,engine_idling,0.9316,True,0.02992,0.003933,0.002077,0.005684,0.002808,0.9316,0.003202,0.005165,0.00786,0.007812
118558-5-1-1.wav,118558,31.628617,35.628617,1,10,5,engine_idling,C:\Users\USER\Desktop\한이음\학습파일\UrbanSound8K\audio\fold10\118558-5-1-1.wav,5,engine_idling,engine_idling,0.943,True,0.00864,0.00456,0.003057,0.006035,0.00524,0.943,0.002903,0.01426,0.005432,0.007114
118558-5-1-2.wav,118558,32.128617,36.128617,1,10,5,engine_idling,C:\Users\USER\Desktop\한이음\학습파일\UrbanSound8K\audio\fold10\118558-5-1-2.wav,5,engine_idling,engine_idling,0.916,True,0.01628,0.005447,0.00397,0.00537,0.0094,0.916,0.003431,0.02806,0.005264,0.006977
118558-5-2-0.wav,118558,47.413495,51.413495,1,10,5,engine_idling,C:\Users\USER\Desktop\한이음\학습파일\UrbanSound8K\audio\fold10\118558-5-2-0.wav,5,engine_idling,engine_idling,0.402,True,0.395,0.01514,0.02333,0.0379,0.014435,0.402,0.01797,0.01953,0.063,0.01157
118558-5-2-1.wav,118558,47.913495,51.913495,1,10,5,engine_idling,C:\Users\USER\Desktop\한이음\학습파일\UrbanSound8K\audio\fold10\118558-5-2-1.wav,5,engine_idling,air_conditioner,0.868,False,0.868,0.003601,0.008965,0.01697,0.007202,0.05017,0.006374,0.00917,0.02518,0.003998
118558-5-2-2.wav,118558,48.413495,52.413495,1,10,5,engine_idling,C:\Users\USER\Desktop\한이음\학습파일\UrbanSound8K\audio\fold10\118558-5-2-2.wav,5,engine_idling,air_conditioner,0.958,False,0.958,0.001968,0.002312,0.005337,0.002497,0.00856,0.0025,0.00812,0.006115,0.004364
118558-5-2-3.wav,118558,48.913495,52.913495,1,10,5,engine_idling,C:\Users\USER\Desktop\한이음\학습파일\UrbanSound8K\audio\fold10\118558-5-2-3.wav,5,engine_idling,air_conditioner,0.639,False,0.639,0.006077,0.01285,0.01848,0.008804,0.2474,0.00919,0.02486,0.02,0.012924
119067-0-0-0.wav,119067,0.0,4.0,1,10,0,air_conditioner,C:\Users\USER\Desktop\한이음\학습파일\UrbanSound8K\audio\fold10\119067-0-0-0.wav,0,air_conditioner,engine_idling,0.9727,False,0.00288,0.004143,0.001352,0.0024,0.002817,0.9727,0.00252,0.004887,0.003403,0.003174
119067-0-0-1.wav,119067,0.5,4.5,1,10,0,air_conditioner,C:\Users\USER\Desktop\한이음\학습파일\UrbanSound8K\audio\fold10\119067-0-0-1.wav,0,air_conditioner,engine_idling,0.971,False,0.003155,0.0041,0.001418,0.002573,0.003052,0.971,0.00284,0.00472,0.003517,0.003336
119067-0-0-2.wav,119067,1.0,5.0,1,10,0,air_conditioner,C:\Users\USER\Desktop\한이음\학습파일\UrbanSound8K\audio\fold10\119067-0-0-2.wav,0,air_conditioner,engine_idling,0.969,False,0.003143,0.004265,0.001577,0.002892,0.003271,0.969,0.003262,0.005,0.003792,0.003574
128240-3-0-1.wav,128240,0.5,4.5,1,10,3,dog_bark,C:\Users\USER\Desktop\한이음\학습파일\UrbanSound8K\audio\fold10\128240-3-0-1.wav,3,dog_bark,dog_bark,0.955,True,0.003075,0.00513,0.00753,0.955,0.003925,0.005016,0.005272,0.003983,0.003866,0.007347
128240-3-0-20.wav,128240,10.0,14.0,1,10,3,dog_bark,C:\Users\USER\Desktop\한이음\학습파일\UrbanSound8K\audio\fold10\128240-3-0-20.wav,3,dog_bark,dog_bark,0.962,True,0.003223,0.004475,0.00436,0.962,0.004284,0.004513,0.005245,0.004005,0.003284,0.00494
128240-3-0-39.wav,128240,19.5,23.5,1,10,3,dog_bark,C:\Users\USER\Desktop\한이음\학습파일\UrbanSound8K\audio\fold10\128240-3-0-39.wav,3,dog_bark,dog_bark,0.9556,True,0.001857,0.003479,0.01637,0.9556,0.004734,0.003574,0.003937,0.002737,0.003035,0.004917
128240-3-0-42.wav,128240,21.0,25.0,1,10,3,dog_bark,C:\Users\USER\Desktop\한이음\학습파일\UrbanSound8K\audio\fold10\128240-3-0-42.wav,3,dog_bark,dog_bark,0.9614,True,0.004383,0.00389,0.003685,0.9614,0.004864,0.004753,0.00493,0.003445,0.003687,0.004917
128470-3-0-0.wav,128470,1.711988,5.711988,1,10,3,dog_bark,C:\Users\USER\Desktop\한이음\학습파일\UrbanSound8K\audio\fold10\128470-3-0-0.wav,3,dog_bark,dog_bark,0.958,True,0.003504,0.004078,0.00603,0.958,0.005474,0.00487,0.004517,0.003428,0.003937,0.006107
128470-3-0-1.wav,128470,2.211988,6.211988,1,10,3,dog_bark,C:\Users\USER\Desktop\한이음\학습파일\UrbanSound8K\audio\fold10\128470-3-0-1.wav,3,dog_bark,dog_bark,0.9565,True,0.002663,0.003515,0.009155,0.9565,0.005894,0.004955,0.004223,0.003716,0.00303,0.006172
128470-3-0-5.wav,128470,4.211988,8.211988,1,10,3,dog_bark,C:\Users\USER\Desktop\한이음\학습파일\UrbanSound8K\audio\fold10\128470-3-0-5.wav,3,dog_bark,dog_bark,0.9575,True,0.003029,0.004513,0.006607,0.9575,0.00378,0.00727,0.003744,0.003262,0.003683,0.00668
128470-3-0-8.wav,128470,5.711988,9.711988,1,10,3,dog_bark,C:\Users\USER\Desktop\한이음\학습파일\UrbanSound8K\audio\fold10\128470-3-0-8.wav,3,dog_bark,dog_bark,0.9575,True,0.002975,0.004185,0.00711,0.9575,0.004196,0.005898,0.004356,0.003302,0.002827,0.007404
129750-2-0-3.wav,129750,1.5,5.5,2,10,2,children_playing,C:\Users\USER\Desktop\한이음\학습파일\UrbanSound8K\audio\fold10\129750-2-0-3.wav,2,children_playing,children_playing,0.9287,True,0.0056,0.00312,0.9287,0.010765,0.007,0.00888,0.00825,0.002712,0.01553,0.009186
129750-2-0-34.wav,129750,17.0,21.0,2,10,2,children_playing,C:\Users\USER\Desktop\한이음\학습파일\UrbanSound8K\audio\fold10\129750-2-0-34.wav,2,children_playing,children_playing,0.95,True,0.004246,0.002752,0.95,0.006138,0.00534,0.007423,0.009285,0.001878,0.00745,0.005474
129750-2-0-36.wav,129750,18.0,22.0,2,10,2,children_playing,C:\Users\USER\Desktop\한이음\학습파일\UrbanSound8K\audio\fold10\129750-2-0-36.wav,2,children_playing,children_playing,0.949,True,0.003263,0.002623,0.949,0.006485,0.005005,0.00624,0.00495,0.001848,0.01178,0.00879
129750-2-0-37.wav,129750,18.5,22.5,2,10,2,children_playing,C:\Users\USER\Desktop\한이음\학습파일\UrbanSound8K\audio\fold10\129750-2-0-37.wav,2,children_playing,children_playing,0.9575,True,0.00237,0.001827,0.9575,0.003822,0.00912,0.004414,0.003807,0.001056,0.00638,0.00958
129750-2-0-4.wav,129750,2.0,6.0,2,10,2,children_playing,C:\Users\USER\Desktop\한이음\학습파일\UrbanSound8K\audio\fold10\129750-2-0-4.wav,2,children_playing,children_playing,0.9263,True,0.004364,0.00471,0.9263,0.01122,0.007153,0.00956,0.01043,0.003695,0.013176,0.00939
129750-2-0-45.wav,129750,22.5,26.5,2,10,2,children_playing,C:\Users\USER\Desktop\한이음\학습파일\UrbanSound8K\audio\fold10\129750-2-0-45.wav,2,children_playing,children_playing,0.933,True,0.003525,0.003002,0.933,0.00786,0.005463,0.00889,0.010635,0.002626,0.01473,0.01002
129750-2-0-46.wav,129750,23.0,27.0,2,10,2,children_playing,C:\Users\USER\Desktop\한이음\학습파일\UrbanSound8K\audio\fold10\129750-2-0-46.wav,2,children_playing,children_playing,0.91,True,0.004234,0.004017,0.91,0.01071,0.007103,0.0099,0.00548,0.002771,0.02306,0.02274
129750-2-0-48.wav,129750,24.0,28.0,2,10,2,children_playing,C:\Users\USER\Desktop\한이음\학습파일\UrbanSound8K\audio\fold10\129750-2-0-48.wav,2,children_playing,children_playing,0.932,True,0.003456,0.003405,0.932,0.00977,0.004913,0.00823,0.00843,0.002407,0.01496,0.0121
136558-9-0-1.wav,136558,0.5,4.5,1,10,9,street_music,C:\Users\USER\Desktop\한이음\학습파일\UrbanSound8K\audio\fold10\136558-9-0-1.wav,9,street_music,street_music,0.845,True,0.000827,0.002638,0.1268,0.003244,0.007504,0.006256,0.002249,0.001604,0.00382,0.845
136558-9-0-2.wav,136558,1.0,5.0,1,10,9,street_music,C:\Users\USER\Desktop\한이음\학습파일\UrbanSound8K\audio\fold10\136558-9-0-2.wav,9,street_music,street_music,0.5825,True,0.00237,0.00708,0.3667,0.009796,0.00996,0.005863,0.005245,0.00526,0.00529,0.5825
136558-9-1-10.wav,136558,39.271982,43.271982,1,10,9,street_music,C:\Users\USER\Desktop\한이음\학습파일\UrbanSound8K\audio\fold10\136558-9-1-10.wav,9,street_music,street_music,0.956,True,0.003183,0.002443,0.003513,0.013885,0.007523,0.00255,0.003204,0.002928,0.004597,0.956
136558-9-1-21.wav,136558,44.771982,48.771982,1,10,9,street_music,C:\Users\USER\Desktop\한이음\학습파일\UrbanSound8K\audio\fold10\136558-9-1-21.wav,9,street_music,car_horn,0.4988,False,0.003248,0.4988,0.02467,0.00794,0.008766,0.003721,0.006268,0.00574,0.006496,0.4343
136558-9-1-26.wav,136558,47.271982,51.271982,1,10,9,street_music,C:\Users\USER\Desktop\한이음\학습파일\UrbanSound8K\audio\fold10\136558-9-1-26.wav,9,street_music,street_music,0.9644,True,0.001205,0.00461,0.01135,0.002794,0.002954,0.002806,0.003622,0.003687,0.002457,0.9644
136558-9-1-39.wav,136558,53.771982,57.771982,1,10,9,street_music,C:\Users\USER\Desktop\한이음\학습파일\UrbanSound8K\audio\fold10\136558-9-1-39.wav,9,street_music,street_music,0.8457,True,0.09973,0.006332,0.001557,0.00717,0.0173,0.00378,0.00966,0.00351,0.005474,0.8457
138017-9-0-2.wav,138017,1.0,5.0,1,10,9,street_music,C:\Users\USER\Desktop\한이음\학습파일\UrbanSound8K\audio\fold10\138017-9-0-2.wav,9,street_music,street_music,0.9697,True,0.006176,0.004063,0.000932,0.002697,0.002274,0.006283,0.004112,0.002064,0.00146,0.9697
138017-9-0-9.wav,138017,4.5,8.5,1,10,9,street_music,C:\Users\USER\Desktop\한이음\학습파일\UrbanSound8K\audio\fold10\138017-9-0-9.wav,9,street_music,street_music,0.981,True,0.00238,0.002338,0.0006275,0.002441,0.002178,0.002687,0.002295,0.00277,0.001372,0.981
138017-9-1-10.wav,138017,28.393576,32.393576,2,10,9,street_music,C:\Users\USER\Desktop\한이음\학습파일\UrbanSound8K\audio\fold10\138017-9-1-10.wav,9,street_music,street_music,0.9526,True,0.002869,0.003366,0.00173,0.003218,0.00996,0.001189,0.003582,0.0175,0.003736,0.9526
138017-9-1-16.wav,138017,31.393576,35.393576,2,10,9,street_music,C:\Users\USER\Desktop\한이음\학습파일\UrbanSound8K\audio\fold10\138017-9-1-16.wav,9,street_music,street_music,0.9414,True,0.002071,0.005527,0.00785,0.006714,0.0062,0.003014,0.005188,0.0196,0.002369,0.9414
138017-9-1-4.wav,138017,25.393576,29.393576,2,10,9,street_music,C:\Users\USER\Desktop\한이음\학습파일\UrbanSound8K\audio\fold10\138017-9-1-4.wav,9,street_music,street_music,0.972,True,0.001883,0.003405,0.001611,0.003304,0.003605,0.001755,0.004463,0.005966,0.001643,0.972
138017-9-1-6.wav,138017,26.393576,30.393576,2,10,9,street_music,C:\Users\USER\Desktop\한이음\학습파일\UrbanSound8K\audio\fold10\138017-9-1-6.wav,9,street_music,street_music,0.972,True,0.00461,0.00445,0.001429,0.003614,0.00328,0.002058,0.003658,0.003435,0.001539,0.972
141240-5-0-0.wav,141240,0.0,3.053869,1,10,5,engine_idling,C:\Users\USER\Desktop\한이음\학습파일\UrbanSound8K\audio\fold10\141240-5-0-0.wav,5,engine_idling,engine_idling,0.9604,True,0.002596,0.006176,0.001782,0.003391,0.0064,0.9604,0.00282,0.00871,0.004616,0.00322
141240-5-1-0.wav,141240,27.06407,29.914348,1,10,5,engine_idling,C:\Users\USER\Desktop\한이음\학습파일\UrbanSound8K\audio\fold10\141240-5-1-0.wav,5,engine_idling,engine_idling,0.953,True,0.002638,0.005844,0.002209,0.00516,0.007385,0.953,0.00597,0.00794,0.00536,0.004417
142641-3-0-0.wav,142641,1.779107,2.162404,1,10,3,dog_bark,C:\Users\USER\Desktop\한이음\학습파일\UrbanSound8K\audio\fold10\142641-3-0-0.wav,3,dog_bark,gun_shot,0.9,False,0.03265,0.003008,0.001446,0.01107,0.02956,0.003439,0.9,0.003918,0.00888,0.006104
14468-3-0-2.wav,14468,1.837557,5.837557,1,10,3,dog_bark,C:\Users\USER\Desktop\한이음\학습파일\UrbanSound8K\audio\fold10\14468-3-0-2.wav,3,dog_bark,dog_bark,0.7686,True,0.00805,0.01194,0.006653,0.7686,0.1692,0.003712,0.007492,0.005642,0.00816,0.01054
14468-3-0-3.wav,14468,2.337557,6.337557,1,10,3,dog_bark,C:\Users\USER\Desktop\한이음\학습파일\UrbanSound8K\audio\fold10\14468-3-0-3.wav,3,dog_bark,drilling,0.5,False,0.01429,0.01717,0.01433,0.4001,0.5,0.006454,0.01291,0.004356,0.0112,0.01929
14468-3-1-0.wav,14468,24.027429,26.173669,1,10,3,dog_bark,C:\Users\USER\Desktop\한이음\학습파일\UrbanSound8K\audio\fold10\14468-3-1-0.wav,3,dog_bark,dog_bark,0.9736,True,0.00261,0.003918,0.00201,0.9736,0.00289,0.003237,0.002604,0.00206,0.00296,0.004147
14468-3-5-0.wav,14468,54.127148,58.127148,1,10,3,dog_bark,C:\Users\USER\Desktop\한이음\학습파일\UrbanSound8K\audio\fold10\14468-3-5-0.wav,3,dog_bark,dog_bark,0.925,True,0.01172,0.0021,0.01092,0.925,0.003378,0.006958,0.003628,0.003155,0.00997,0.02328
14470-2-0-10.wav,14470,5.0,9.0,1,10,2,children_playing,C:\Users\USER\Desktop\한이음\학습파일\UrbanSound8K\audio\fold10\14470-2-0-10.wav,2,children_playing,children_playing,0.9727,True,0.002098,0.003284,0.9727,0.002735,0.004963,0.002419,0.00355,0.001372,0.00263,0.004295
14470-2-0-14.wav,14470,7.0,11.0,1,10,2,children_playing,C:\Users\USER\Desktop\한이음\학습파일\UrbanSound8K\audio\fold10\14470-2-0-14.wav,2,children_playing,children_playing,0.9614,True,0.003048,0.004818,0.9614,0.002512,0.00443,0.003225,0.00421,0.001244,0.004143,0.01074
14470-2-0-21.wav,14470,10.5,14.5,1,10,2,children_playing,C:\Users\USER\Desktop\한이음\학습파일\UrbanSound8K\audio\fold10\14470-2-0-21.wav,2,children_playing,children_playing,0.957,True,0.004288,0.005142,0.957,0.004356,0.005554,0.004215,0.005157,0.002728,0.005642,0.005905
14470-2-0-4.wav,14470,2.0,6.0,1,10,2,children_playing,C:\Users\USER\Desktop\한이음\학습파일\UrbanSound8K\audio\fold10\14470-2-0-4.wav,2,children_playing,children_playing,0.9585,True,0.002499,0.004498,0.9585,0.002844,0.00738,0.004246,0.005768,0.002623,0.004265,0.007183
14470-2-0-56.wav,14470,28.0,32.0,1,10,2,children_playing,C:\Users\USER\Desktop\한이음\학습파일\UrbanSound8K\audio\fold10\14470-2-0-56.wav,2,children_playing,children_playing,0.9443,True,0.00425,0.00333,0.9443,0.004677,0.01205,0.00942,0.005833,0.00542,0.00483,0.00576
14470-2-0-65.wav,14470,32.5,36.5,1,10,2,children_playing,C:\Users\USER\Desktop\한이음\학습파일\UrbanSound8K\audio\fold10\14470-2-0-65.wav,2,children_playing,children_playing,0.9062,True,0.00982,0.005386,0.9062,0.005886,0.012215,0.02373,0.01061,0.00757,0.007744,0.010574
14470-2-0-70.wav,14470,35.0,39.0,1,10,2,children_playing,C:\Users\USER\Desktop\한이음\학습파일\UrbanSound8K\audio\fold10\14470-2-0-70.wav,2,children_playing,children_playing,0.909,True,0.00863,0.002024,0.909,0.0049,0.01329,0.005726,0.005806,0.00241,0.007263,0.04102
14470-2-0-72.wav,14470,36.0,40.0,1,10,2,children_playing,C:\Users\USER\Desktop\한이음\학습파일\UrbanSound8K\audio\fold10\14470-2-0-72.wav,2,children_playing,children_playing,0.9487,True,0.00497,0.00575,0.9487,0.005825,0.00935,0.00527,0.006077,0.00426,0.004505,0.00522
146244-4-0-0.wav,146244,0.0,2.046729,1,10,4,drilling,C:\Users\USER\Desktop\한이음\학습파일\UrbanSound8K\audio\fold10\146244-4-0-0.wav,4,drilling,drilling,0.925,True,0.01892,0.00868,0.00218,0.00861,0.925,0.00633,0.01086,0.005478,0.006474,0.00765
147491-9-0-0.wav,147491,0.0,4.0,2,10,9,street_music,C:\Users\USER\Desktop\한이음\학습파일\UrbanSound8K\audio\fold10\147491-9-0-0.wav,9,street_music,street_music,0.973,True,0.00142,0.00414,0.00405,0.003353,0.003178,0.003283,0.002274,0.003372,0.001634,0.973
147491-9-0-5.wav,147491,2.5,6.5,2,10,9,street_music,C:\Users\USER\Desktop\한이음\학습파일\UrbanSound8K\audio\fold10\147491-9-0-5.wav,9,street_music,street_music,0.973,True,0.003494,0.003242,0.003258,0.003433,0.002836,0.00208,0.00335,0.003162,0.00197,0.973
147491-9-2-10.wav,147491,96.062031,100.062031,2,10,9,street_music,C:\Users\USER\Desktop\한이음\학습파일\UrbanSound8K\audio\fold10\147491-9-2-10.wav,9,street_music,street_music,0.9077,True,0.00352,0.002996,0.004982,0.01718,0.003618,0.002333,0.006657,0.002039,0.04877,0.9077
147491-9-2-25.wav,147491,103.562031,107.562031,2,10,9,street_music,C:\Users\USER\Desktop\한이음\학습파일\UrbanSound8K\audio\fold10\147491-9-2-25.wav,9,street_music,street_music,0.9785,True,0.001505,0.001715,0.00389,0.004158,0.001817,0.003109,0.002625,0.001335,0.001335,0.9785
147491-9-2-32.wav,147491,107.062031,111.062031,2,10,9,street_music,C:\Users\USER\Desktop\한이음\학습파일\UrbanSound8K\audio\fold10\147491-9-2-32.wav,9,street_music,street_music,0.9775,True,0.001443,0.001968,0.00564,0.00316,0.002142,0.00147,0.002441,0.002382,0.001703,0.9775
147491-9-2-6.wav,147491,94.062031,98.062031,2,10,9,street_music,C:\Users\USER\Desktop\한이음\학습파일\UrbanSound8K\audio\fold10\147491-9-2-6.wav,9,street_music,street_music,0.9478,True,0.003326,0.00305,0.00479,0.006657,0.003162,0.002035,0.005104,0.00433,0.01959,0.9478
155241-9-0-50.wav,155241,46.291549,50.291549,1,10,9,street_music,C:\Users\USER\Desktop\한이음\학습파일\UrbanSound8K\audio\fold10\155241-9-0-50.wav,9,street_music,street_music,0.9756,True,0.00181,0.001182,0.001668,0.004143,0.003572,0.001864,0.00332,0.00409,0.002918,0.9756
155241-9-0-56.wav,155241,49.291549,53.291549,1,10,9,street_music,C:\Users\USER\Desktop\한이음\학습파일\UrbanSound8K\audio\fold10\155241-9-0-56.wav,9,street_music,street_music,0.9624,True,0.001685,0.001829,0.00391,0.01016,0.00474,0.001871,0.00466,0.005047,0.003448,0.9624
155241-9-0-69.wav,155241,55.791549,59.791549,1,10,9,street_music,C:\Users\USER\Desktop\한이음\학습파일\UrbanSound8K\audio\fold10\155241-9-0-69.wav,9,street_music,street_music,0.9805,True,0.000926,0.001202,0.003845,0.002882,0.002676,0.001278,0.002298,0.0025,0.001901,0.9805
155241-9-0-79.wav,155241,60.791549,64.791549,1,10,9,street_music,C:\Users\USER\Desktop\한이음\학습파일\UrbanSound8K\audio\fold10\155241-9-0-79.wav,9,street_music,street_music,0.9795,True,0.002153,0.001211,0.001135,0.001963,0.003399,0.00198,0.002687,0.003504,0.002512,0.9795
155241-9-0-8.wav,155241,25.291549,29.291549,1,10,9,street_music,C:\Users\USER\Desktop\한이음\학습파일\UrbanSound8K\audio\fold10\155241-9-0-8.wav,9,street_music,street_music,0.9697,True,0.002325,0.004078,0.002426,0.003254,0.004128,0.002956,0.00413,0.003601,0.00322,0.9697
155241-9-0-88.wav,155241,65.291549,69.291549,1,10,9,street_music,C:\Users\USER\Desktop\한이음\학습파일\UrbanSound8K\audio\fold10\155241-9-0-88.wav,9,street_music,street_music,0.978,True,0.002344,0.001642,0.001709,0.003113,0.00307,0.001917,0.00277,0.003078,0.002234,0.978
155262-2-0-101.wav,155262,50.5,54.5,2,10,2,children_playing,C:\Users\USER\Desktop\한이음\학습파일\UrbanSound8K\audio\fold10\155262-2-0-101.wav,2,children_playing,children_playing,0.933,True,0.02036,0.00511,0.933,0.00477,0.007202,0.00451,0.00618,0.005177,0.004948,0.00882
155262-2-0-11.wav,155262,5.5,9.5,2,10,2,children_playing,C:\Users\USER\Desktop\한이음\학습파일\UrbanSound8K\audio\fold10\155262-2-0-11.wav,2,children_playing,children_playing,0.929,True,0.0119,0.005234,0.929,0.004192,0.005627,0.00383,0.005928,0.005703,0.003181,0.02527
155262-2-0-15.wav,155262,7.5,11.5,2,10,2,children_playing,C:\Users\USER\Desktop\한이음\학습파일\UrbanSound8K\audio\fold10\155262-2-0-15.wav,2,children_playing,children_playing,0.8228,True,0.0379,0.00588,0.8228,0.007652,0.01031,0.003853,0.00842,0.00789,0.00637,0.0888
155262-2-0-2.wav,155262,1.0,5.0,2,10,2,children_playing,C:\Users\USER\Desktop\한이음\학습파일\UrbanSound8K\audio\fold10\155262-2-0-2.wav,2,children_playing,children_playing,0.952,True,0.007904,0.005245,0.952,0.003891,0.005394,0.004128,0.004414,0.00382,0.004448,0.00853
155262-2-0-21.wav,155262,10.5,14.5,2,10,2,children_playing,C:\Users\USER\Desktop\한이음\학습파일\UrbanSound8K\audio\fold10\155262-2-0-21.wav,2,children_playing,children_playing,0.953,True,0.01101,0.004173,0.953,0.00443,0.00554,0.00317,0.004585,0.00468,0.003778,0.005737
155262-2-0-48.wav,155262,24.0,28.0,2,10,2,children_playing,C:\Users\USER\Desktop\한이음\학습파일\UrbanSound8K\audio\fold10\155262-2-0-48.wav,2,children_playing,children_playing,0.872,True,0.06696,0.003754,0.872,0.00853,0.00917,0.006367,0.008156,0.004704,0.006268,0.013954
155262-2-0-58.wav,155262,29.0,33.0,2,10,2,children_playing,C:\Users\USER\Desktop\한이음\학습파일\UrbanSound8K\audio\fold10\155262-2-0-58.wav,2,children_playing,children_playing,0.925,True,0.01833,0.004913,0.925,0.004482,0.0088,0.005096,0.005844,0.005955,0.004868,0.0169
155262-2-0-63.wav,155262,31.5,35.5,2,10,2,children_playing,C:\Users\USER\Desktop\한이음\학습파일\UrbanSound8K\audio\fold10\155262-2-0-63.wav,2,children_playing,children_playing,0.3408,True,0.3171,0.012146,0.3408,0.01591,0.0362,0.01808,0.01765,0.01941,0.02153,0.201
155280-2-0-10.wav,155280,7.112855,11.112855,2,10,2,children_playing,C:\Users\USER\Desktop\한이음\학습파일\UrbanSound8K\audio\fold10\155280-2-0-10.wav,2,children_playing,children_playing,0.6816,True,0.08734,0.006756,0.6816,0.01712,0.01374,0.00617,0.012054,0.00664,0.007812,0.1608
155280-2-0-11.wav,155280,7.612855,11.612855,2,10,2,children_playing,C:\Users\USER\Desktop\한이음\학습파일\UrbanSound8K\audio\fold10\155280-2-0-11.wav,2,children_playing,children_playing,0.941,True,0.009285,0.004578,0.941,0.005455,0.00664,0.003738,0.006413,0.00404,0.004414,0.01455
155280-2-0-13.wav,155280,8.612855,12.612855,2,10,2,children_playing,C:\Users\USER\Desktop\한이음\학습파일\UrbanSound8K\audio\fold10\155280-2-0-13.wav,2,children_playing,children_playing,0.9556,True,0.003263,0.003654,0.9556,0.003893,0.005432,0.004375,0.00711,0.002756,0.003983,0.01006
155280-2-0-15.wav,155280,9.612855,13.612855,2,10,2,children_playing,C:\Users\USER\Desktop\한이음\학습파일\UrbanSound8K\audio\fold10\155280-2-0-15.wav,2,children_playing,children_playing,0.906,True,0.002048,0.001769,0.906,0.02048,0.00789,0.003918,0.007755,0.005405,0.00846,0.03635
155280-2-0-3.wav,155280,3.612855,7.612855,2,10,2,children_playing,C:\Users\USER\Desktop\한이음\학습파일\UrbanSound8K\audio\fold10\155280-2-0-3.wav,2,children_playing,children_playing,0.8633,True,0.01859,0.002447,0.8633,0.008446,0.007122,0.003895,0.00987,0.00497,0.005432,0.07574
155280-2-0-5.wav,155280,4.612855,8.612855,2,10,2,children_playing,C:\Users\USER\Desktop\한이음\학습파일\UrbanSound8K\audio\fold10\155280-2-0-5.wav,2,children_playing,street_music,0.888,False,0.00389,0.002205,0.0839,0.00745,0.002007,0.002537,0.003487,0.00417,0.002401,0.888
155280-2-0-6.wav,155280,5.112855,9.112855,2,10,2,children_playing,C:\Users\USER\Desktop\한이음\학습파일\UrbanSound8K\audio\fold10\155280-2-0-6.wav,2,children_playing,street_music,0.934,False,0.003643,0.001824,0.04172,0.006615,0.002075,0.001634,0.002356,0.003012,0.003212,0.934
155280-2-0-7.wav,155280,5.612855,9.612855,2,10,2,children_playing,C:\Users\USER\Desktop\한이음\학습파일\UrbanSound8K\audio\fold10\155280-2-0-7.wav,2,children_playing,children_playing,0.956,True,0.006725,0.003304,0.956,0.005642,0.00555,0.00376,0.004578,0.003027,0.00403,0.007435
155311-3-0-0.wav,155311,0.0,3.691973,1,10,3,dog_bark,C:\Users\USER\Desktop\한이음\학습파일\UrbanSound8K\audio\fold10\155311-3-0-0.wav,3,dog_bark,dog_bark,0.958,True,0.004726,0.00601,0.003342,0.958,0.005642,0.004955,0.005203,0.00307,0.003813,0.005154
15544-5-0-0.wav,15544,29.26666,33.26666,1,10,5,engine_idling,C:\Users\USER\Desktop\한이음\학습파일\UrbanSound8K\audio\fold10\15544-5-0-0.wav,5,engine_idling,engine_idling,0.9697,True,0.001647,0.004528,0.002357,0.002947,0.003834,0.9697,0.003044,0.005013,0.00397,0.002985
15544-5-0-1.wav,15544,29.76666,33.76666,1,10,5,engine_idling,C:\Users\USER\Desktop\한이음\학습파일\UrbanSound8K\audio\fold10\15544-5-0-1.wav,5,engine_idling,engine_idling,0.9404,True,0.001849,0.00753,0.003439,0.003435,0.006824,0.9404,0.00429,0.02234,0.005104,0.004745
15544-5-0-10.wav,15544,34.26666,38.26666,1,10,5,engine_idling,C:\Users\USER\Desktop\한이음\학습파일\UrbanSound8K\audio\fold10\15544-5-0-10.wav,5,engine_idling,engine_idling,0.9736,True,0.001174,0.003263,0.001955,0.002485,0.004288,0.9736,0.001984,0.003052,0.0039,0.004265
15544-5-0-11.wav,15544,34.76666,38.76666,1,10,5,engine_idling,C:\Users\USER\Desktop\한이음\학습파일\UrbanSound8K\audio\fold10\15544-5-0-11.wav,5,engine_idling,engine_idling,0.9736,True,0.000999,0.003592,0.001966,0.00242,0.004128,0.9736,0.002092,0.004257,0.003521,0.003405
15544-5-0-12.wav,15544,35.26666,39.26666,1,10,5,engine_idling,C:\Users\USER\Desktop\한이음\학습파일\UrbanSound8K\audio\fold10\15544-5-0-12.wav,5,engine_idling,engine_idling,0.9453,True,0.001809,0.006298,0.002947,0.003643,0.005222,0.9453,0.003288,0.02104,0.005985,0.004433
15544-5-0-13.wav,15544,35.76666,39.76666,1,10,5,engine_idling,C:\Users\USER\Desktop\한이음\학습파일\UrbanSound8K\audio\fold10\15544-5-0-13.wav,5,engine_idling,engine_idling,0.787,True,0.004375,0.01153,0.005768,0.006657,0.01144,0.787,0.00758,0.1472,0.010864,0.007652
15544-5-0-14.wav,15544,36.26666,40.26666,1,10,5,engine_idling,C:\Users\USER\Desktop\한이음\학습파일\UrbanSound8K\audio\fold10\15544-5-0-14.wav,5,engine_idling,engine_idling,0.9385,True,0.001583,0.006695,0.002562,0.003296,0.01042,0.9385,0.003454,0.02364,0.005394,0.00462
15544-5-0-15.wav,15544,36.76666,40.76666,1,10,5,engine_idling,C:\Users\USER\Desktop\한이음\학습파일\UrbanSound8K\audio\fold10\15544-5-0-15.wav,5,engine_idling,engine_idling,0.9756,True,0.0009694,0.003738,0.001559,0.001911,0.004906,0.9756,0.002274,0.002838,0.003574,0.00272
15544-5-0-16.wav,15544,37.26666,41.26666,1,10,5,engine_idling,C:\Users\USER\Desktop\한이음\학습파일\UrbanSound8K\audio\fold10\15544-5-0-16.wav,5,engine_idling,engine_idling,0.9565,True,0.001372,0.004745,0.00253,0.003027,0.007965,0.9565,0.002892,0.01243,0.005657,0.002924
15544-5-0-17.wav,15544,37.76666,41.76666,1,10,5,engine_idling,C:\Users\USER\Desktop\한이음\학습파일\UrbanSound8K\audio\fold10\15544-5-0-17.wav,5,engine_idling,engine_idling,0.9463,True,0.002235,0.00491,0.002666,0.003344,0.01121,0.9463,0.00343,0.01444,0.00816,0.00323
15544-5-0-18.wav,15544,38.26666,42.26666,1,10,5,engine_idling,C:\Users\USER\Desktop\한이음\학습파일\UrbanSound8K\audio\fold10\15544-5-0-18.wav,5,engine_idling,engine_idling,0.9336,True,0.003187,0.00453,0.003658,0.002926,0.0298,0.9336,0.002693,0.006413,0.00936,0.003864
15544-5-0-19.wav,15544,38.76666,42.76666,1,10,5,engine_idling,C:\Users\USER\Desktop\한이음\학습파일\UrbanSound8K\audio\fold10\15544-5-0-19.wav,5,engine_idling,engine_idling,0.939,True,0.001625,0.00427,0.003595,0.002705,0.02605,0.939,0.002289,0.01105,0.005306,0.00405
15544-5-0-2.wav,15544,30.26666,34.26666,1,10,5,engine_idling,C:\Users\USER\Desktop\한이음\학습파일\UrbanSound8K\audio\fold10\15544-5-0-2.wav,5,engine_idling,engine_idling,0.9683,True,0.001311,0.00439,0.002312,0.002453,0.003956,0.9683,0.002405,0.007538,0.00399,0.003227
15544-5-0-3.wav,15544,30.76666,34.76666,1,10,5,engine_idling,C:\Users\USER\Desktop\한이음\학습파일\UrbanSound8K\audio\fold10\15544-5-0-3.wav,5,engine_idling,engine_idling,0.9727,True,0.001982,0.003956,0.002375,0.002995,0.003433,0.9727,0.002827,0.002823,0.003925,0.003242
15544-5-0-4.wav,15544,31.26666,35.26666,1,10,5,engine_idling,C:\Users\USER\Desktop\한이음\학습파일\UrbanSound8K\audio\fold10\15544-5-0-4.wav,5,engine_idling,engine_idling,0.9683,True,0.001772,0.004845,0.002192,0.003166,0.00444,0.9683,0.003668,0.00393,0.003723,0.00383
15544-5-0-5.wav,15544,31.76666,35.76666,1,10,5,engine_idling,C:\Users\USER\Desktop\한이음\학습파일\UrbanSound8K\audio\fold10\15544-5-0-5.wav,5,engine_idling,engine_idling,0.9697,True,0.001427,0.00444,0.0023,0.00309,0.00425,0.9697,0.003357,0.003687,0.00391,0.00397
15544-5-0-6.wav,15544,32.26666,36.26666,1,10,5,engine_idling,C:\Users\USER\Desktop\한이음\학습파일\UrbanSound8K\audio\fold10\15544-5-0-6.wav,5,engine_idling,engine_idling,0.9756,True,0.001229,0.003609,0.00207,0.002134,0.00313,0.9756,0.002539,0.002762,0.003298,0.003416
15544-5-0-7.wav,15544,32.76666,36.76666,1,10,5,engine_idling,C:\Users\USER\Desktop\한이음\학습파일\UrbanSound8K\audio\fold10\15544-5-0-7.wav,5,engine_idling,engine_idling,0.973,True,0.001024,0.0027,0.00214,0.002325,0.003204,0.973,0.002077,0.005558,0.003838,0.004227
15544-5-0-8.wav,15544,33.26666,37.26666,1,10,5,engine_idling,C:\Users\USER\Desktop\한이음\학습파일\UrbanSound8K\audio\fold10\15544-5-0-8.wav,5,engine_idling,engine_idling,0.974,True,0.0009575,0.002632,0.002094,0.002394,0.003777,0.974,0.001818,0.004074,0.00388,0.004284
15544-5-0-9.wav,15544,33.76666,37.76666,1,10,5,engine_idling,C:\Users\USER\Desktop\한이음\학습파일\UrbanSound8K\audio\fold10\15544-5-0-9.wav,5,engine_idling,engine_idling,0.96,True,0.001545,0.003643,0.00219,0.002743,0.00781,0.96,0.002054,0.00924,0.00587,0.005146
157207-6-0-0.wav,157207,0.165287,3.093233,1,10,6,gun_shot,C:\Users\USER\Desktop\한이음\학습파일\UrbanSound8K\audio\fold10\157207-6-0-0.wav,6,gun_shot,gun_shot,0.9624,True,0.002815,0.00447,0.002613,0.003428,0.007645,0.006123,0.9624,0.00219,0.004574,0.003654
157207-6-1-0.wav,157207,3.376583,6.576073,1,10,6,gun_shot,C:\Users\USER\Desktop\한이음\학습파일\UrbanSound8K\audio\fold10\157207-6-1-0.wav,6,gun_shot,gun_shot,0.959,True,0.002531,0.00555,0.00285,0.00477,0.00607,0.005917,0.959,0.002098,0.00602,0.00504
157207-6-10-0.wav,157207,18.830944,20.802585,1,10,6,gun_shot,C:\Users\USER\Desktop\한이음\학습파일\UrbanSound8K\audio\fold10\157207-6-10-0.wav,6,gun_shot,gun_shot,0.9634,True,0.003084,0.004635,0.002535,0.00335,0.00648,0.005943,0.9634,0.00232,0.004745,0.003765
157207-6-2-0.wav,157207,8.335201,9.504019,1,10,6,gun_shot,C:\Users\USER\Desktop\한이음\학습파일\UrbanSound8K\audio\fold10\157207-6-2-0.wav,6,gun_shot,gun_shot,0.967,True,0.002527,0.003956,0.002234,0.003119,0.005272,0.006004,0.967,0.002207,0.004116,0.00397
157207-6-3-0.wav,157207,9.504019,10.401293,1,10,6,gun_shot,C:\Users\USER\Desktop\한이음\학습파일\UrbanSound8K\audio\fold10\157207-6-3-0.wav,6,gun_shot,gun_shot,0.966,True,0.002388,0.004223,0.002283,0.003057,0.00576,0.00587,0.966,0.002361,0.00431,0.003807
157207-6-4-0.wav,157207,10.401293,11.345791,1,10,6,gun_shot,C:\Users\USER\Desktop\한이음\학습파일\UrbanSound8K\audio\fold10\157207-6-4-0.wav,6,gun_shot,gun_shot,0.968,True,0.0018835,0.00439,0.002958,0.002687,0.005177,0.005733,0.968,0.00204,0.003738,0.003387
157207-6-5-0.wav,157207,11.345791,13.423689,1,10,6,gun_shot,C:\Users\USER\Desktop\한이음\학습파일\UrbanSound8K\audio\fold10\157207-6-5-0.wav,6,gun_shot,gun_shot,0.9673,True,0.001529,0.00434,0.002663,0.002945,0.004627,0.006912,0.9673,0.002245,0.004295,0.003193
157207-6-6-0.wav,157207,13.423689,14.686956,1,10,6,gun_shot,C:\Users\USER\Desktop\한이음\학습파일\UrbanSound8K\audio\fold10\157207-6-6-0.wav,6,gun_shot,gun_shot,0.9688,True,0.002657,0.003687,0.002455,0.002935,0.00502,0.005447,0.9688,0.002026,0.003902,0.003277
157207-6-7-0.wav,157207,14.686956,15.702292,1,10,6,gun_shot,C:\Users\USER\Desktop\한이음\학습파일\UrbanSound8K\audio\fold10\157207-6-7-0.wav,6,gun_shot,gun_shot,0.966,True,0.002962,0.00444,0.002377,0.00363,0.00475,0.005665,0.966,0.00248,0.00414,0.00392
157207-6-8-0.wav,157207,15.702292,16.74124,1,10,6,gun_shot,C:\Users\USER\Desktop\한이음\학습파일\UrbanSound8K\audio\fold10\157207-6-8-0.wav,6,gun_shot,gun_shot,0.97,True,0.001944,0.004005,0.002134,0.002657,0.005512,0.004475,0.97,0.002377,0.003563,0.003292
157207-6-9-0.wav,157207,16.74124,18.830944,1,10,6,gun_shot,C:\Users\USER\Desktop\한이음\학습파일\UrbanSound8K\audio\fold10\157207-6-9-0.wav,6,gun_shot,gun_shot,0.9595,True,0.002993,0.005585,0.0026,0.003506,0.00845,0.005627,0.9595,0.002527,0.004745,0.004513
157800-6-0-0.wav,157800,0.0,1.149388,1,10,6,gun_shot,C:\Users\USER\Desktop\한이음\학습파일\UrbanSound8K\audio\fold10\157800-6-0-0.wav,6,gun_shot,gun_shot,0.96,True,0.00463,0.003857,0.002968,0.004166,0.00607,0.00519,0.96,0.003565,0.00422,0.005196
159709-6-0-0.wav,159709,0.0,1.92,1,10,6,gun_shot,C:\Users\USER\Desktop\한이음\학습파일\UrbanSound8K\audio\fold10\159709-6-0-0.wav,6,gun_shot,gun_shot,0.9673,True,0.003588,0.003197,0.002087,0.002829,0.006172,0.002975,0.9673,0.002615,0.004833,0.004574
159742-8-0-0.wav,159742,0.129945,4.129945,2,10,8,siren,C:\Users\USER\Desktop\한이음\학습파일\UrbanSound8K\audio\fold10\159742-8-0-0.wav,8,siren,siren,0.957,True,0.002285,0.003784,0.003115,0.01379,0.00511,0.0034,0.0047,0.002476,0.957,0.00442
159742-8-0-1.wav,159742,0.629945,4.629945,2,10,8,siren,C:\Users\USER\Desktop\한이음\학습파일\UrbanSound8K\audio\fold10\159742-8-0-1.wav,8,siren,siren,0.9614,True,0.002638,0.003185,0.002825,0.008766,0.005047,0.004097,0.004623,0.002493,0.9614,0.004665
159742-8-0-10.wav,159742,5.129945,9.129945,2,10,8,siren,C:\Users\USER\Desktop\한이음\학습파일\UrbanSound8K\audio\fold10\159742-8-0-10.wav,8,siren,siren,0.954,True,0.005543,0.00366,0.00217,0.006596,0.005928,0.00473,0.007515,0.004932,0.954,0.004818
159742-8-0-11.wav,159742,5.629945,9.629945,2,10,8,siren,C:\Users\USER\Desktop\한이음\학습파일\UrbanSound8K\audio\fold10\159742-8-0-11.wav,8,siren,siren,0.954,True,0.00541,0.002964,0.002398,0.006443,0.005013,0.005856,0.00777,0.00511,0.954,0.00492
159742-8-0-12.wav,159742,6.129945,10.129945,2,10,8,siren,C:\Users\USER\Desktop\한이음\학습파일\UrbanSound8K\audio\fold10\159742-8-0-12.wav,8,siren,siren,0.9536,True,0.004406,0.00342,0.00221,0.00613,0.005066,0.0084,0.007694,0.00471,0.9536,0.00426
159742-8-0-13.wav,159742,6.629945,10.629945,2,10,8,siren,C:\Users\USER\Desktop\한이음\학습파일\UrbanSound8K\audio\fold10\159742-8-0-13.wav,8,siren,siren,0.963,True,0.002356,0.002563,0.001959,0.005188,0.00438,0.007545,0.00575,0.003616,0.963,0.00391
159742-8-0-14.wav,159742,7.129945,11.129945,2,10,8,siren,C:\Users\USER\Desktop\한이음\학습파일\UrbanSound8K\audio\fold10\159742-8-0-14.wav,8,siren,siren,0.9697,True,0.001333,0.001987,0.001726,0.00427,0.0039,0.00693,0.00398,0.002216,0.9697,0.003735
159742-8-0-2.wav,159742,1.129945,5.129945,2,10,8,siren,C:\Users\USER\Desktop\한이음\학습파일\UrbanSound8K\audio\fold10\159742-8-0-2.wav,8,siren,siren,0.9517,True,0.00478,0.005226,0.00375,0.007717,0.00679,0.00529,0.00529,0.003656,0.9517,0.005955
159742-8-0-3.wav,159742,1.629945,5.629945,2,10,8,siren,C:\Users\USER\Desktop\한이음\학습파일\UrbanSound8K\audio\fold10\159742-8-0-3.wav,8,siren,siren,0.952,True,0.0043,0.005795,0.003775,0.00699,0.006435,0.00475,0.00576,0.003775,0.952,0.006317
159742-8-0-4.wav,159742,2.129945,6.129945,2,10,8,siren,C:\Users\USER\Desktop\한이음\학습파일\UrbanSound8K\audio\fold10\159742-8-0-4.wav,8,siren,siren,0.951,True,0.004128,0.00692,0.00328,0.00642,0.00685,0.004566,0.006214,0.003956,0.951,0.00648
159742-8-0-5.wav,159742,2.629945,6.629945,2,10,8,siren,C:\Users\USER\Desktop\한이음\학습파일\UrbanSound8K\audio\fold10\159742-8-0-5.wav,8,siren,siren,0.9434,True,0.005478,0.00784,0.003654,0.00788,0.005787,0.005516,0.00857,0.00587,0.9434,0.0059
159742-8-0-6.wav,159742,3.129945,7.129945,2,10,8,siren,C:\Users\USER\Desktop\한이음\학습파일\UrbanSound8K\audio\fold10\159742-8-0-6.wav,8,siren,siren,0.939,True,0.00579,0.006966,0.003511,0.0092,0.0069,0.006096,0.00954,0.00663,0.939,0.006237
159742-8-0-7.wav,159742,3.629945,7.629945,2,10,8,siren,C:\Users\USER\Desktop\한이음\학습파일\UrbanSound8K\audio\fold10\159742-8-0-7.wav,8,siren,siren,0.9375,True,0.00651,0.007362,0.003325,0.00859,0.00726,0.00707,0.009384,0.006184,0.9375,0.00684
159742-8-0-8.wav,159742,4.129945,8.129945,2,10,8,siren,C:\Users\USER\Desktop\한이음\학습파일\UrbanSound8K\audio\fold10\159742-8-0-8.wav,8,siren,siren,0.9404,True,0.005806,0.006832,0.00291,0.00765,0.00737,0.006695,0.008736,0.006287,0.9404,0.007126
159742-8-0-9.wav,159742,4.629945,8.629945,2,10,8,siren,C:\Users\USER\Desktop\한이음\학습파일\UrbanSound8K\audio\fold10\159742-8-0-9.wav,8,siren,siren,0.9487,True,0.005413,0.005657,0.002443,0.007065,0.006622,0.005474,0.007393,0.005527,0.9487,0.005886
162134-7-0-0.wav,162134,1.333125,5.333125,1,10,7,jackhammer,C:\Users\USER\Desktop\한이음\학습파일\UrbanSound8K\audio\fold10\162134-7-0-0.wav,7,jackhammer,jackhammer,0.9463,True,0.004803,0.00509,0.00407,0.006046,0.01442,0.003141,0.00706,0.9463,0.005035,0.004208
162134-7-0-1.wav,162134,1.833125,5.833125,1,10,7,jackhammer,C:\Users\USER\Desktop\한이음\학습파일\UrbanSound8K\audio\fold10\162134-7-0-1.wav,7,jackhammer,jackhammer,0.94,True,0.006172,0.00442,0.005234,0.007866,0.01123,0.004723,0.00976,0.94,0.006245,0.004597
162134-7-0-2.wav,162134,2.333125,6.333125,1,10,7,jackhammer,C:\Users\USER\Desktop\한이음\학습파일\UrbanSound8K\audio\fold10\162134-7-0-2.wav,7,jackhammer,jackhammer,0.9395,True,0.007217,0.004387,0.0048,0.00755,0.011765,0.00433,0.00961,0.9395,0.007076,0.00394
162134-7-1-0.wav,162134,18.663755,22.396505,1,10,7,jackhammer,C:\Users\USER\Desktop\한이음\학습파일\UrbanSound8K\audio\fold10\162134-7-1-0.wav,7,jackhammer,jackhammer,0.9165,True,0.01796,0.007225,0.002678,0.006386,0.02354,0.005924,0.01014,0.9165,0.00637,0.00316
162134-7-10-0.wav,162134,178.959326,182.959326,1,10,7,jackhammer,C:\Users\USER\Desktop\한이음\학습파일\UrbanSound8K\audio\fold10\162134-7-10-0.wav,7,jackhammer,jackhammer,0.9355,True,0.004875,0.007603,0.00561,0.006805,0.01625,0.00382,0.00815,0.9355,0.005703,0.005474
162134-7-10-1.wav,162134,179.459326,183.459326,1,10,7,jackhammer,C:\Users\USER\Desktop\한이음\학습파일\UrbanSound8K\audio\fold10\162134-7-10-1.wav,7,jackhammer,jackhammer,0.9326,True,0.00616,0.006096,0.006306,0.00766,0.014366,0.004505,0.0097,0.9326,0.00719,0.005447
162134-7-10-2.wav,162134,179.959326,183.959326,1,10,7,jackhammer,C:\Users\USER\Desktop\한이음\학습파일\UrbanSound8K\audio\fold10\162134-7-10-2.wav,7,jackhammer,jackhammer,0.931,True,0.005623,0.006523,0.006374,0.00734,0.01528,0.004745,0.0097,0.931,0.00703,0.00602
162134-7-10-3.wav,162134,180.459326,184.459326,1,10,7,jackhammer,C:\Users\USER\Desktop\한이음\학습파일\UrbanSound8K\audio\fold10\162134-7-10-3.wav,7,jackhammer,jackhammer,0.93,True,0.005066,0.007935,0.006157,0.00609,0.0183,0.004353,0.00895,0.93,0.007057,0.005917
162134-7-11-0.wav,162134,192.102215,196.102215,1,10,7,jackhammer,C:\Users\USER\Desktop\한이음\학습파일\UrbanSound8K\audio\fold10\162134-7-11-0.wav,7,jackhammer,jackhammer,0.945,True,0.00433,0.005817,0.004383,0.00534,0.0127,0.003967,0.007465,0.945,0.005585,0.00563
162134-7-11-1.wav,162134,192.602215,196.602215,1,10,7,jackhammer,C:\Users\USER\Desktop\한이음\학습파일\UrbanSound8K\audio\fold10\162134-7-11-1.wav,7,jackhammer,jackhammer,0.9385,True,0.005272,0.005833,0.005474,0.006546,0.010796,0.005074,0.00933,0.9385,0.006596,0.006477
162134-7-11-2.wav,162134,193.102215,197.102215,1,10,7,jackhammer,C:\Users\USER\Desktop\한이음\학습파일\UrbanSound8K\audio\fold10\162134-7-11-2.wav,7,jackhammer,jackhammer,0.932,True,0.00657,0.00594,0.00642,0.0081,0.010544,0.00592,0.01067,0.932,0.007427,0.00649
162134-7-11-3.wav,162134,193.602215,197.602215,1,10,7,jackhammer,C:\Users\USER\Desktop\한이음\학습파일\UrbanSound8K\audio\fold10\162134-7-11-3.wav,7,jackhammer,jackhammer,0.922,True,0.00641,0.007282,0.00719,0.008286,0.01282,0.006687,0.01274,0.922,0.00896,0.00796
162134-7-11-4.wav,162134,194.102215,198.102215,1,10,7,jackhammer,C:\Users\USER\Desktop\한이음\학습파일\UrbanSound8K\audio\fold10\162134-7-11-4.wav,7,jackhammer,jackhammer,0.936,True,0.005177,0.0067,0.006363,0.006496,0.01486,0.004337,0.00869,0.936,0.00646,0.004715
162134-7-11-5.wav,162134,194.602215,198.602215,1,10,7,jackhammer,C:\Users\USER\Desktop\한이음\학습파일\UrbanSound8K\audio\fold10\162134-7-11-5.wav,7,jackhammer,jackhammer,0.938,True,0.004955,0.005737,0.005657,0.006233,0.01765,0.004005,0.0074,0.938,0.006237,0.00394
162134-7-11-6.wav,162134,195.102215,199.102215,1,10,7,jackhammer,C:\Users\USER\Desktop\한이음\학습파일\UrbanSound8K\audio\fold10\162134-7-11-6.wav,7,jackhammer,jackhammer,0.9404,True,0.00481,0.004673,0.005215,0.00635,0.015564,0.00411,0.008286,0.9404,0.006794,0.003736
162134-7-11-7.wav,162134,195.602215,199.602215,1,10,7,jackhammer,C:\Users\USER\Desktop\한이음\학습파일\UrbanSound8K\audio\fold10\162134-7-11-7.wav,7,jackhammer,jackhammer,0.9316,True,0.007477,0.007572,0.004665,0.006386,0.014114,0.005295,0.00942,0.9316,0.00762,0.005993
162134-7-12-0.wav,162134,214.247081,218.247081,1,10,7,jackhammer,C:\Users\USER\Desktop\한이음\학습파일\UrbanSound8K\audio\fold10\162134-7-12-0.wav,7,jackhammer,jackhammer,0.938,True,0.00527,0.005863,0.005898,0.007675,0.0115,0.00464,0.010025,0.938,0.006737,0.004547
162134-7-12-1.wav,162134,214.747081,218.747081,1,10,7,jackhammer,C:\Users\USER\Desktop\한이음\학습파일\UrbanSound8K\audio\fold10\162134-7-12-1.wav,7,jackhammer,jackhammer,0.9346,True,0.005768,0.006264,0.005043,0.007572,0.013535,0.0066,0.00859,0.9346,0.0074,0.004776
162134-7-12-2.wav,162134,215.247081,219.247081,1,10,7,jackhammer,C:\Users\USER\Desktop\한이음\학습파일\UrbanSound8K\audio\fold10\162134-7-12-2.wav,7,jackhammer,jackhammer,0.9346,True,0.00554,0.006393,0.004642,0.00663,0.01654,0.00585,0.00836,0.9346,0.007298,0.00434
162134-7-12-3.wav,162134,215.747081,219.747081,1,10,7,jackhammer,C:\Users\USER\Desktop\한이음\학습파일\UrbanSound8K\audio\fold10\162134-7-12-3.wav,7,jackhammer,jackhammer,0.938,True,0.00514,0.005486,0.005558,0.00666,0.013824,0.004498,0.00895,0.938,0.006924,0.004772
162134-7-12-4.wav,162134,216.247081,220.247081,1,10,7,jackhammer,C:\Users\USER\Desktop\한이음\학습파일\UrbanSound8K\audio\fold10\162134-7-12-4.wav,7,jackhammer,jackhammer,0.935,True,0.00532,0.00693,0.005566,0.007378,0.01502,0.003994,0.00819,0.935,0.007076,0.005604
162134-7-13-0.wav,162134,231.710919,235.710919,1,10,7,jackhammer,C:\Users\USER\Desktop\한이음\학습파일\UrbanSound8K\audio\fold10\162134-7-13-0.wav,7,jackhammer,jackhammer,0.9346,True,0.0055,0.005333,0.005604,0.00744,0.01404,0.005398,0.00943,0.9346,0.00713,0.00544
162134-7-13-1.wav,162134,232.210919,236.210919,1,10,7,jackhammer,C:\Users\USER\Desktop\한이음\학습파일\UrbanSound8K\audio\fold10\162134-7-13-1.wav,7,jackhammer,jackhammer,0.942,True,0.004948,0.005013,0.00528,0.00668,0.012184,0.004917,0.00807,0.942,0.006134,0.004677
162134-7-13-2.wav,162134,232.710919,236.710919,1,10,7,jackhammer,C:\Users\USER\Desktop\한이음\학습파일\UrbanSound8K\audio\fold10\162134-7-13-2.wav,7,jackhammer,jackhammer,0.9478,True,0.004234,0.00452,0.004402,0.005383,0.01277,0.00415,0.007206,0.9478,0.00551,0.004147
162134-7-13-3.wav,162134,233.210919,237.210919,1,10,7,jackhammer,C:\Users\USER\Desktop\한이음\학습파일\UrbanSound8K\audio\fold10\162134-7-13-3.wav,7,jackhammer,jackhammer,0.9434,True,0.00453,0.00459,0.00493,0.005314,0.01503,0.004826,0.007244,0.9434,0.00582,0.00412
162134-7-13-4.wav,162134,233.710919,237.710919,1,10,7,jackhammer,C:\Users\USER\Desktop\한이음\학습파일\UrbanSound8K\audio\fold10\162134-7-13-4.wav,7,jackhammer,jackhammer,0.929,True,0.004818,0.00646,0.00504,0.00617,0.02367,0.004436,0.007244,0.929,0.007008,0.00591
162134-7-14-0.wav,162134,247.73444,251.73444,1,10,7,jackhammer,C:\Users\USER\Desktop\한이음\학습파일\UrbanSound8K\audio\fold10\162134-7-14-0.wav,7,jackhammer,jackhammer,0.9346,True,0.004345,0.007393,0.005573,0.006706,0.01683,0.00471,0.00764,0.9346,0.007214,0.005234
162134-7-14-1.wav,162134,248.23444,252.23444,1,10,7,jackhammer,C:\Users\USER\Desktop\한이음\학습파일\UrbanSound8K\audio\fold10\162134-7-14-1.wav,7,jackhammer,jackhammer,0.932,True,0.005165,0.006927,0.005802,0.007195,0.01616,0.004726,0.00895,0.932,0.00748,0.005352
162134-7-14-2.wav,162134,248.73444,252.73444,1,10,7,jackhammer,C:\Users\USER\Desktop\한이음\학습파일\UrbanSound8K\audio\fold10\162134-7-14-2.wav,7,jackhammer,jackhammer,0.931,True,0.005238,0.006866,0.005947,0.00714,0.0174,0.004337,0.00959,0.931,0.007195,0.005047
162134-7-15-0.wav,162134,261.597486,265.597486,1,10,7,jackhammer,C:\Users\USER\Desktop\한이음\학습파일\UrbanSound8K\audio\fold10\162134-7-15-0.wav,7,jackhammer,jackhammer,0.927,True,0.006542,0.005104,0.00694,0.00787,0.01741,0.005642,0.00957,0.927,0.00812,0.006245
162134-7-15-1.wav,162134,262.097486,266.097486,1,10,7,jackhammer,C:\Users\USER\Desktop\한이음\학습파일\UrbanSound8K\audio\fold10\162134-7-15-1.wav,7,jackhammer,jackhammer,0.9297,True,0.006687,0.004955,0.00648,0.00714,0.0179,0.00514,0.00865,0.9297,0.00778,0.005688
162134-7-15-2.wav,162134,262.597486,266.597486,1,10,7,jackhammer,C:\Users\USER\Desktop\한이음\학습파일\UrbanSound8K\audio\fold10\162134-7-15-2.wav,7,jackhammer,jackhammer,0.9355,True,0.00515,0.0048,0.005188,0.006477,0.0207,0.004143,0.00755,0.9355,0.006363,0.004303
162134-7-15-3.wav,162134,263.097486,267.097486,1,10,7,jackhammer,C:\Users\USER\Desktop\한이음\학습파일\UrbanSound8K\audio\fold10\162134-7-15-3.wav,7,jackhammer,jackhammer,0.9355,True,0.005116,0.005306,0.00535,0.006817,0.01804,0.00409,0.00865,0.9355,0.00681,0.004353
162134-7-15-4.wav,162134,263.597486,267.597486,1,10,7,jackhammer,C:\Users\USER\Desktop\한이음\학습파일\UrbanSound8K\audio\fold10\162134-7-15-4.wav,7,jackhammer,jackhammer,0.9214,True,0.006466,0.007355,0.00506,0.00624,0.02606,0.003862,0.00882,0.9214,0.00795,0.006832
162134-7-16-0.wav,162134,301.20619,305.20619,1,10,7,jackhammer,C:\Users\USER\Desktop\한이음\학습파일\UrbanSound8K\audio\fold10\162134-7-16-0.wav,7,jackhammer,jackhammer,0.945,True,0.004288,0.00587,0.003788,0.00438,0.01689,0.00405,0.006245,0.945,0.005596,0.003904
162134-7-16-1.wav,162134,301.70619,305.70619,1,10,7,jackhammer,C:\Users\USER\Desktop\한이음\학습파일\UrbanSound8K\audio\fold10\162134-7-16-1.wav,7,jackhammer,jackhammer,0.9453,True,0.004234,0.004326,0.00313,0.004246,0.02086,0.00369,0.0059,0.9453,0.004543,0.003521
162134-7-17-0.wav,162134,315.249276,319.249276,1,10,7,jackhammer,C:\Users\USER\Desktop\한이음\학습파일\UrbanSound8K\audio\fold10\162134-7-17-0.wav,7,jackhammer,jackhammer,0.942,True,0.004353,0.00474,0.00423,0.00467,0.02118,0.00398,0.00493,0.942,0.006325,0.003841
162134-7-17-1.wav,162134,315.749276,319.749276,1,10,7,jackhammer,C:\Users\USER\Desktop\한이음\학습파일\UrbanSound8K\audio\fold10\162134-7-17-1.wav,7,jackhammer,jackhammer,0.947,True,0.004543,0.004116,0.00484,0.005066,0.01259,0.00439,0.00747,0.947,0.006115,0.004017
162134-7-17-2.wav,162134,316.249276,320.249276,1,10,7,jackhammer,C:\Users\USER\Desktop\한이음\학습파일\UrbanSound8K\audio\fold10\162134-7-17-2.wav,7,jackhammer,jackhammer,0.9385,True,0.005806,0.004055,0.0064,0.006832,0.010666,0.00603,0.009796,0.9385,0.006783,0.00521
162134-7-17-3.wav,162134,316.749276,320.749276,1,10,7,jackhammer,C:\Users\USER\Desktop\한이음\학습파일\UrbanSound8K\audio\fold10\162134-7-17-3.wav,7,jackhammer,jackhammer,0.9365,True,0.006153,0.004265,0.006393,0.007294,0.01131,0.005886,0.00979,0.9365,0.00712,0.0052
162134-7-17-4.wav,162134,317.249276,321.249276,1,10,7,jackhammer,C:\Users\USER\Desktop\한이음\학습파일\UrbanSound8K\audio\fold10\162134-7-17-4.wav,7,jackhammer,jackhammer,0.939,True,0.005787,0.004395,0.005524,0.006927,0.012474,0.00514,0.009346,0.939,0.006657,0.00497
162134-7-2-0.wav,162134,27.195757,31.195757,1,10,7,jackhammer,C:\Users\USER\Desktop\한이음\학습파일\UrbanSound8K\audio\fold10\162134-7-2-0.wav,7,jackhammer,jackhammer,0.905,True,0.01607,0.007637,0.00547,0.007965,0.02977,0.00457,0.00795,0.905,0.006947,0.008835
162134-7-3-0.wav,162134,97.584774,101.584774,1,10,7,jackhammer,C:\Users\USER\Desktop\한이음\학습파일\UrbanSound8K\audio\fold10\162134-7-3-0.wav,7,jackhammer,jackhammer,0.954,True,0.003738,0.003853,0.00392,0.004345,0.01307,0.002932,0.005978,0.954,0.00393,0.004177
162134-7-4-0.wav,162134,114.505163,117.025716,1,10,7,jackhammer,C:\Users\USER\Desktop\한이음\학습파일\UrbanSound8K\audio\fold10\162134-7-4-0.wav,7,jackhammer,jackhammer,0.939,True,0.00616,0.00668,0.003893,0.005295,0.01866,0.003126,0.00806,0.939,0.00534,0.00395
162134-7-5-0.wav,162134,120.266429,122.246864,1,10,7,jackhammer,C:\Users\USER\Desktop\한이음\학습파일\UrbanSound8K\audio\fold10\162134-7-5-0.wav,7,jackhammer,jackhammer,0.93,True,0.006573,0.00704,0.004383,0.006447,0.01886,0.004982,0.008865,0.93,0.007195,0.00556
162134-7-6-0.wav,162134,126.027695,127.82809,1,10,7,jackhammer,C:\Users\USER\Desktop\한이음\학습파일\UrbanSound8K\audio\fold10\162134-7-6-0.wav,7,jackhammer,jackhammer,0.908,True,0.01704,0.007313,0.00274,0.005547,0.01485,0.02579,0.007698,0.908,0.006176,0.004486
162134-7-7-0.wav,162134,129.628486,133.628486,1,10,7,jackhammer,C:\Users\USER\Desktop\한이음\학습파일\UrbanSound8K\audio\fold10\162134-7-7-0.wav,7,jackhammer,jackhammer,0.925,True,0.00929,0.008026,0.003721,0.004944,0.02046,0.004593,0.01012,0.925,0.006424,0.00744
162134-7-7-1.wav,162134,130.128486,134.128486,1,10,7,jackhammer,C:\Users\USER\Desktop\한이음\학습파일\UrbanSound8K\audio\fold10\162134-7-7-1.wav,7,jackhammer,jackhammer,0.8975,True,0.016,0.00913,0.004898,0.005524,0.0341,0.005074,0.00933,0.8975,0.006775,0.011505
162134-7-8-0.wav,162134,137.730266,141.730266,1,10,7,jackhammer,C:\Users\USER\Desktop\한이음\학습파일\UrbanSound8K\audio\fold10\162134-7-8-0.wav,7,jackhammer,jackhammer,0.935,True,0.005413,0.008125,0.005917,0.006676,0.01459,0.00406,0.00833,0.935,0.006985,0.004993
162134-7-8-1.wav,162134,138.230266,142.230266,1,10,7,jackhammer,C:\Users\USER\Desktop\한이음\학습파일\UrbanSound8K\audio\fold10\162134-7-8-1.wav,7,jackhammer,jackhammer,0.9346,True,0.005417,0.00788,0.006336,0.00678,0.01199,0.00456,0.01003,0.9346,0.006927,0.005722
162134-7-8-2.wav,162134,138.730266,142.730266,1,10,7,jackhammer,C:\Users\USER\Desktop\한이음\학습파일\UrbanSound8K\audio\fold10\162134-7-8-2.wav,7,jackhammer,jackhammer,0.9277,True,0.005974,0.006737,0.006752,0.00837,0.01155,0.005764,0.01296,0.9277,0.00791,0.006382
162134-7-8-3.wav,162134,139.230266,143.230266,1,10,7,jackhammer,C:\Users\USER\Desktop\한이음\학습파일\UrbanSound8K\audio\fold10\162134-7-8-3.wav,7,jackhammer,jackhammer,0.929,True,0.00538,0.006863,0.006397,0.006836,0.01378,0.005424,0.01172,0.929,0.00816,0.006115
162134-7-8-4.wav,162134,139.730266,143.730266,1,10,7,jackhammer,C:\Users\USER\Desktop\한이음\학습파일\UrbanSound8K\audio\fold10\162134-7-8-4.wav,7,jackhammer,jackhammer,0.934,True,0.00471,0.006527,0.006413,0.0061,0.01535,0.00497,0.0092,0.934,0.007328,0.005146
162134-7-8-5.wav,162134,140.230266,144.230266,1,10,7,jackhammer,C:\Users\USER\Desktop\한이음\학습파일\UrbanSound8K\audio\fold10\162134-7-8-5.wav,7,jackhammer,jackhammer,0.9443,True,0.004765,0.005844,0.005634,0.005733,0.00927,0.00507,0.008224,0.9443,0.0061,0.004944
162134-7-8-6.wav,162134,140.730266,144.730266,1,10,7,jackhammer,C:\Users\USER\Desktop\한이음\학습파일\UrbanSound8K\audio\fold10\162134-7-8-6.wav,7,jackhammer,jackhammer,0.945,True,0.00483,0.00511,0.00554,0.00587,0.00867,0.00506,0.00969,0.945,0.005657,0.004974
162134-7-8-7.wav,162134,141.230266,145.230266,1,10,7,jackhammer,C:\Users\USER\Desktop\한이음\학습파일\UrbanSound8K\audio\fold10\162134-7-8-7.wav,7,jackhammer,jackhammer,0.936,True,0.005745,0.004807,0.006218,0.007366,0.012375,0.004917,0.01031,0.936,0.00637,0.00574
162134-7-9-0.wav,162134,162.575726,166.575726,1,10,7,jackhammer,C:\Users\USER\Desktop\한이음\학습파일\UrbanSound8K\audio\fold10\162134-7-9-0.wav,7,jackhammer,jackhammer,0.937,True,0.0051,0.005375,0.00554,0.00687,0.01551,0.005035,0.008514,0.937,0.00693,0.004005
162134-7-9-1.wav,162134,163.075726,167.075726,1,10,7,jackhammer,C:\Users\USER\Desktop\한이음\학습파일\UrbanSound8K\audio\fold10\162134-7-9-1.wav,7,jackhammer,jackhammer,0.943,True,0.004475,0.004753,0.006203,0.006363,0.0127,0.004787,0.007996,0.943,0.00588,0.00415
162134-7-9-2.wav,162134,163.575726,167.575726,1,10,7,jackhammer,C:\Users\USER\Desktop\한이음\학습파일\UrbanSound8K\audio\fold10\162134-7-9-2.wav,7,jackhammer,jackhammer,0.9355,True,0.004333,0.00619,0.005157,0.00589,0.02081,0.003695,0.007168,0.9355,0.006706,0.00438
162134-7-9-3.wav,162134,164.075726,168.075726,1,10,7,jackhammer,C:\Users\USER\Desktop\한이음\학습파일\UrbanSound8K\audio\fold10\162134-7-9-3.wav,7,jackhammer,jackhammer,0.933,True,0.005108,0.005917,0.005665,0.006187,0.02145,0.003748,0.0074,0.933,0.007156,0.004234
162134-7-9-4.wav,162134,164.575726,168.575726,1,10,7,jackhammer,C:\Users\USER\Desktop\한이음\학습파일\UrbanSound8K\audio\fold10\162134-7-9-4.wav,7,jackhammer,jackhammer,0.9336,True,0.006187,0.005047,0.006344,0.006905,0.01645,0.00445,0.0091,0.9336,0.007084,0.004726
162148-3-0-0.wav,162148,0.0,0.452781,1,10,3,dog_bark,C:\Users\USER\Desktop\한이음\학습파일\UrbanSound8K\audio\fold10\162148-3-0-0.wav,3,dog_bark,dog_bark,0.9595,True,0.004818,0.005123,0.003246,0.9595,0.004,0.005806,0.00481,0.003725,0.00608,0.003077
163459-3-0-0.wav,163459,0.294231,1.074248,1,10,3,dog_bark,C:\Users\USER\Desktop\한이음\학습파일\UrbanSound8K\audio\fold10\163459-3-0-0.wav,3,dog_bark,dog_bark,0.9556,True,0.005947,0.00636,0.001779,0.9556,0.007206,0.003517,0.00511,0.00477,0.005737,0.00416
164194-2-0-10.wav,164194,64.864282,68.864282,1,10,2,children_playing,C:\Users\USER\Desktop\한이음\학습파일\UrbanSound8K\audio\fold10\164194-2-0-10.wav,2,children_playing,children_playing,0.9644,True,0.003508,0.004185,0.9644,0.00425,0.00527,0.004444,0.004375,0.002361,0.00432,0.003145
164194-2-0-11.wav,164194,65.364282,69.364282,1,10,2,children_playing,C:\Users\USER\Desktop\한이음\학습파일\UrbanSound8K\audio\fold10\164194-2-0-11.wav,2,children_playing,children_playing,0.965,True,0.00286,0.005005,0.965,0.00431,0.004696,0.00535,0.003708,0.002289,0.004032,0.003012
164194-2-0-14.wav,164194,66.864282,70.864282,1,10,2,children_playing,C:\Users\USER\Desktop\한이음\학습파일\UrbanSound8K\audio\fold10\164194-2-0-14.wav,2,children_playing,children_playing,0.949,True,0.00468,0.004875,0.949,0.00498,0.007725,0.00632,0.006046,0.003119,0.005295,0.00754
164194-2-0-18.wav,164194,68.864282,72.864282,1,10,2,children_playing,C:\Users\USER\Desktop\한이음\학습파일\UrbanSound8K\audio\fold10\164194-2-0-18.wav,2,children_playing,children_playing,0.946,True,0.006634,0.004753,0.946,0.00701,0.007027,0.00611,0.006725,0.00431,0.00555,0.005836
164194-2-0-24.wav,164194,71.864282,75.864282,1,10,2,children_playing,C:\Users\USER\Desktop\한이음\학습파일\UrbanSound8K\audio\fold10\164194-2-0-24.wav,2,children_playing,children_playing,0.9204,True,0.002197,0.001817,0.9204,0.00952,0.01298,0.00839,0.003824,0.0008707,0.00842,0.0317
164194-2-0-26.wav,164194,72.864282,76.864282,1,10,2,children_playing,C:\Users\USER\Desktop\한이음\학습파일\UrbanSound8K\audio\fold10\164194-2-0-26.wav,2,children_playing,children_playing,0.9604,True,0.003407,0.004436,0.9604,0.005142,0.005817,0.004204,0.00433,0.002197,0.005085,0.00509
164194-2-0-29.wav,164194,74.364282,78.364282,1,10,2,children_playing,C:\Users\USER\Desktop\한이음\학습파일\UrbanSound8K\audio\fold10\164194-2-0-29.wav,2,children_playing,children_playing,0.954,True,0.004475,0.00511,0.954,0.005745,0.005554,0.00412,0.005405,0.00414,0.00514,0.005997
164194-2-0-7.wav,164194,63.364282,67.364282,1,10,2,children_playing,C:\Users\USER\Desktop\한이음\학습파일\UrbanSound8K\audio\fold10\164194-2-0-7.wav,2,children_playing,children_playing,0.9434,True,0.002964,0.002184,0.9434,0.00684,0.00563,0.00845,0.006985,0.001322,0.005733,0.01646
164377-9-0-16.wav,164377,8.0,12.0,1,10,9,street_music,C:\Users\USER\Desktop\한이음\학습파일\UrbanSound8K\audio\fold10\164377-9-0-16.wav,9,street_music,street_music,0.97,True,0.00203,0.002565,0.002285,0.002012,0.004757,0.002592,0.004505,0.004646,0.00447,0.97
164377-9-1-15.wav,164377,194.0388,198.0388,1,10,9,street_music,C:\Users\USER\Desktop\한이음\학습파일\UrbanSound8K\audio\fold10\164377-9-1-15.wav,9,street_music,street_music,0.9688,True,0.002804,0.002657,0.001913,0.0042,0.00385,0.004295,0.003899,0.003769,0.003626,0.9688
164377-9-1-3.wav,164377,188.0388,192.0388,1,10,9,street_music,C:\Users\USER\Desktop\한이음\학습파일\UrbanSound8K\audio\fold10\164377-9-1-3.wav,9,street_music,street_music,0.978,True,0.001855,0.001837,0.00359,0.002419,0.003443,0.002201,0.002,0.002487,0.002201,0.978
164377-9-1-36.wav,164377,204.5388,208.5388,1,10,9,street_music,C:\Users\USER\Desktop\한이음\학습파일\UrbanSound8K\audio\fold10\164377-9-1-36.wav,9,street_music,street_music,0.98,True,0.001076,0.002138,0.004616,0.001972,0.002693,0.002136,0.001501,0.002123,0.001525,0.98
164377-9-1-43.wav,164377,208.0388,212.0388,1,10,9,street_music,C:\Users\USER\Desktop\한이음\학습파일\UrbanSound8K\audio\fold10\164377-9-1-43.wav,9,street_music,street_music,0.979,True,0.001753,0.00205,0.002068,0.002964,0.003056,0.002901,0.002035,0.002182,0.001933,0.979
164377-9-1-50.wav,164377,211.5388,215.5388,1,10,9,street_music,C:\Users\USER\Desktop\한이음\학습파일\UrbanSound8K\audio\fold10\164377-9-1-50.wav,9,street_music,street_music,0.972,True,0.002438,0.002237,0.001613,0.003523,0.003637,0.0034,0.004936,0.003222,0.002808,0.972
164377-9-1-92.wav,164377,232.5388,236.5388,1,10,9,street_music,C:\Users\USER\Desktop\한이음\학습파일\UrbanSound8K\audio\fold10\164377-9-1-92.wav,9,street_music,street_music,0.96,True,0.0019245,0.003796,0.001472,0.003426,0.006233,0.00417,0.0076,0.008125,0.003433,0.96
164646-6-0-0.wav,164646,0.02888,0.81557,1,10,6,gun_shot,C:\Users\USER\Desktop\한이음\학습파일\UrbanSound8K\audio\fold10\164646-6-0-0.wav,6,gun_shot,gun_shot,0.964,True,0.003363,0.004124,0.002884,0.002983,0.00842,0.004578,0.964,0.002377,0.003525,0.003967
165166-8-0-0.wav,165166,0.833454,4.833454,1,10,8,siren,C:\Users\USER\Desktop\한이음\학습파일\UrbanSound8K\audio\fold10\165166-8-0-0.wav,8,siren,siren,0.9478,True,0.00535,0.005077,0.003714,0.00648,0.005905,0.006226,0.00853,0.005814,0.9478,0.005066
165166-8-0-1.wav,165166,1.333454,5.333454,1,10,8,siren,C:\Users\USER\Desktop\한이음\학습파일\UrbanSound8K\audio\fold10\165166-8-0-1.wav,8,siren,siren,0.9395,True,0.00584,0.00612,0.002926,0.007664,0.01059,0.0057,0.00958,0.00605,0.9395,0.006256
165166-8-0-2.wav,165166,1.833454,5.833454,1,10,8,siren,C:\Users\USER\Desktop\한이음\학습파일\UrbanSound8K\audio\fold10\165166-8-0-2.wav,8,siren,siren,0.942,True,0.004715,0.006058,0.002983,0.00681,0.013466,0.00563,0.00782,0.003963,0.942,0.00654
165166-8-0-3.wav,165166,2.333454,6.333454,1,10,8,siren,C:\Users\USER\Desktop\한이음\학습파일\UrbanSound8K\audio\fold10\165166-8-0-3.wav,8,siren,siren,0.9453,True,0.00531,0.00624,0.002935,0.006786,0.010056,0.005424,0.00736,0.004185,0.9453,0.006493
165166-8-0-4.wav,165166,2.833454,6.833454,1,10,8,siren,C:\Users\USER\Desktop\한이음\학습파일\UrbanSound8K\audio\fold10\165166-8-0-4.wav,8,siren,siren,0.9473,True,0.005013,0.00603,0.00291,0.006474,0.00924,0.004776,0.00697,0.004547,0.9473,0.006695
165166-8-0-5.wav,165166,3.333454,7.333454,1,10,8,siren,C:\Users\USER\Desktop\한이음\학습파일\UrbanSound8K\audio\fold10\165166-8-0-5.wav,8,siren,siren,0.9404,True,0.004063,0.005653,0.004284,0.0063,0.01135,0.00791,0.00813,0.00384,0.9404,0.00816
165166-8-0-6.wav,165166,3.833454,7.833454,1,10,8,siren,C:\Users\USER\Desktop\한이음\학습파일\UrbanSound8K\audio\fold10\165166-8-0-6.wav,8,siren,siren,0.942,True,0.00521,0.005306,0.003633,0.007076,0.009796,0.006058,0.00833,0.00487,0.942,0.00781
165166-8-0-7.wav,165166,4.333454,8.333454,1,10,8,siren,C:\Users\USER\Desktop\한이음\학습파일\UrbanSound8K\audio\fold10\165166-8-0-7.wav,8,siren,siren,0.9443,True,0.005238,0.005997,0.002657,0.006207,0.01201,0.005283,0.007275,0.00476,0.9443,0.006367
165166-8-0-8.wav,165166,4.833454,8.833454,1,10,8,siren,C:\Users\USER\Desktop\한이음\학습파일\UrbanSound8K\audio\fold10\165166-8-0-8.wav,8,siren,siren,0.961,True,0.002874,0.002726,0.00268,0.004353,0.008545,0.00412,0.005623,0.003021,0.961,0.00534
165640-4-0-0.wav,165640,0.0,4.0,1,10,4,drilling,C:\Users\USER\Desktop\한이음\학습파일\UrbanSound8K\audio\fold10\165640-4-0-0.wav,4,drilling,drilling,0.979,True,0.00576,0.001671,0.0008936,0.0018425,0.979,0.002726,0.001949,0.001303,0.002922,0.001725
165640-4-0-1.wav,165640,0.5,4.5,1,10,4,drilling,C:\Users\USER\Desktop\한이음\학습파일\UrbanSound8K\audio\fold10\165640-4-0-1.wav,4,drilling,drilling,0.953,True,0.00451,0.002663,0.001734,0.0066,0.953,0.01061,0.003801,0.004395,0.00858,0.003843
165640-4-0-2.wav,165640,1.0,5.0,1,10,4,drilling,C:\Users\USER\Desktop\한이음\학습파일\UrbanSound8K\audio\fold10\165640-4-0-2.wav,4,drilling,dog_bark,0.626,False,0.00694,0.006016,0.00458,0.626,0.3037,0.00818,0.01415,0.00654,0.014366,0.00968
167464-0-0-0.wav,167464,0.0,4.0,2,10,0,air_conditioner,C:\Users\USER\Desktop\한이음\학습파일\UrbanSound8K\audio\fold10\167464-0-0-0.wav,0,air_conditioner,air_conditioner,0.9146,True,0.9146,0.00312,0.001232,0.009476,0.002432,0.0396,0.003845,0.00702,0.01479,0.003937
167464-0-0-1.wav,167464,0.5,4.5,2,10,0,air_conditioner,C:\Users\USER\Desktop\한이음\학습파일\UrbanSound8K\audio\fold10\167464-0-0-1.wav,0,air_conditioner,air_conditioner,0.8228,True,0.8228,0.00445,0.001997,0.05402,0.00917,0.0274,0.007793,0.02127,0.01354,0.0376
167464-0-0-10.wav,167464,5.0,9.0,2,10,0,air_conditioner,C:\Users\USER\Desktop\한이음\학습파일\UrbanSound8K\audio\fold10\167464-0-0-10.wav,0,air_conditioner,air_conditioner,0.9443,True,0.9443,0.002666,0.001373,0.0078,0.006523,0.01917,0.00267,0.00344,0.00985,0.002398
167464-0-0-11.wav,167464,5.5,9.5,2,10,0,air_conditioner,C:\Users\USER\Desktop\한이음\학습파일\UrbanSound8K\audio\fold10\167464-0-0-11.wav,0,air_conditioner,air_conditioner,0.9536,True,0.9536,0.00247,0.001482,0.002993,0.002554,0.006092,0.002047,0.002268,0.02335,0.00292
167464-0-0-12.wav,167464,6.0,10.0,2,10,0,air_conditioner,C:\Users\USER\Desktop\한이음\학습파일\UrbanSound8K\audio\fold10\167464-0-0-12.wav,0,air_conditioner,air_conditioner,0.8496,True,0.8496,0.00546,0.0161,0.013664,0.02632,0.01799,0.00973,0.003569,0.04156,0.01578
167464-0-0-13.wav,167464,6.5,10.5,2,10,0,air_conditioner,C:\Users\USER\Desktop\한이음\학습파일\UrbanSound8K\audio\fold10\167464-0-0-13.wav,0,air_conditioner,air_conditioner,0.8457,True,0.8457,0.00419,0.01487,0.00943,0.03384,0.012245,0.010345,0.004364,0.04755,0.01752
167464-0-0-14.wav,167464,7.0,11.0,2,10,0,air_conditioner,C:\Users\USER\Desktop\한이음\학습파일\UrbanSound8K\audio\fold10\167464-0-0-14.wav,0,air_conditioner,air_conditioner,0.941,True,0.941,0.002243,0.0015,0.003706,0.002113,0.0209,0.001819,0.00507,0.0162,0.005405
167464-0-0-15.wav,167464,7.5,11.5,2,10,0,air_conditioner,C:\Users\USER\Desktop\한이음\학습파일\UrbanSound8K\audio\fold10\167464-0-0-15.wav,0,air_conditioner,air_conditioner,0.9727,True,0.9727,0.001755,0.001147,0.00186,0.00171,0.004295,0.001447,0.001986,0.01148,0.00171
167464-0-0-16.wav,167464,8.0,12.0,2,10,0,air_conditioner,C:\Users\USER\Desktop\한이음\학습파일\UrbanSound8K\audio\fold10\167464-0-0-16.wav,0,air_conditioner,air_conditioner,0.901,True,0.901,0.00467,0.001884,0.005573,0.003693,0.00964,0.003477,0.01327,0.03488,0.02185
167464-0-0-17.wav,167464,8.5,12.5,2,10,0,air_conditioner,C:\Users\USER\Desktop\한이음\학습파일\UrbanSound8K\audio\fold10\167464-0-0-17.wav,0,air_conditioner,air_conditioner,0.833,True,0.833,0.005707,0.002495,0.00963,0.00609,0.01949,0.005478,0.02667,0.04984,0.0416
167464-0-0-18.wav,167464,9.0,13.0,2,10,0,air_conditioner,C:\Users\USER\Desktop\한이음\학습파일\UrbanSound8K\audio\fold10\167464-0-0-18.wav,0,air_conditioner,air_conditioner,0.921,True,0.921,0.002195,0.001788,0.005447,0.00577,0.02179,0.003525,0.011215,0.01622,0.011345
167464-0-0-19.wav,167464,9.5,13.5,2,10,0,air_conditioner,C:\Users\USER\Desktop\한이음\학습파일\UrbanSound8K\audio\fold10\167464-0-0-19.wav,0,air_conditioner,air_conditioner,0.501,True,0.501,0.00687,0.00589,0.013756,0.02081,0.02254,0.01078,0.10895,0.02808,0.2815
167464-0-0-2.wav,167464,1.0,5.0,2,10,0,air_conditioner,C:\Users\USER\Desktop\한이음\학습파일\UrbanSound8K\audio\fold10\167464-0-0-2.wav,0,air_conditioner,air_conditioner,0.8633,True,0.8633,0.005074,0.00166,0.03035,0.009514,0.02016,0.006493,0.01393,0.0142,0.03528
167464-0-0-20.wav,167464,10.0,14.0,2,10,0,air_conditioner,C:\Users\USER\Desktop\한이음\학습파일\UrbanSound8K\audio\fold10\167464-0-0-20.wav,0,air_conditioner,air_conditioner,0.7515,True,0.7515,0.006935,0.003096,0.00891,0.007065,0.00438,0.00509,0.03796,0.01976,0.1554
167464-0-0-21.wav,167464,10.5,14.5,2,10,0,air_conditioner,C:\Users\USER\Desktop\한이음\학습파일\UrbanSound8K\audio\fold10\167464-0-0-21.wav,0,air_conditioner,air_conditioner,0.967,True,0.967,0.001943,0.001422,0.003113,0.001809,0.00563,0.001842,0.003271,0.00948,0.00453
167464-0-0-22.wav,167464,11.0,15.0,2,10,0,air_conditioner,C:\Users\USER\Desktop\한이음\학습파일\UrbanSound8K\audio\fold10\167464-0-0-22.wav,0,air_conditioner,air_conditioner,0.5815,True,0.5815,0.005966,0.0064,0.007256,0.00866,0.02698,0.01016,0.04163,0.04706,0.2646
167464-0-0-23.wav,167464,11.5,15.5,2,10,0,air_conditioner,C:\Users\USER\Desktop\한이음\학습파일\UrbanSound8K\audio\fold10\167464-0-0-23.wav,0,air_conditioner,air_conditioner,0.9224,True,0.9224,0.001767,0.001699,0.003334,0.003208,0.00988,0.004818,0.00784,0.02417,0.0209
167464-0-0-24.wav,167464,12.0,16.0,2,10,0,air_conditioner,C:\Users\USER\Desktop\한이음\학습파일\UrbanSound8K\audio\fold10\167464-0-0-24.wav,0,air_conditioner,air_conditioner,0.707,True,0.707,0.01219,0.004757,0.02235,0.02786,0.04575,0.00968,0.01198,0.1271,0.03123
167464-0-0-3.wav,167464,1.5,5.5,2,10,0,air_conditioner,C:\Users\USER\Desktop\한이음\학습파일\UrbanSound8K\audio\fold10\167464-0-0-3.wav,0,air_conditioner,air_conditioner,0.9453,True,0.9453,0.002327,0.001302,0.00792,0.005577,0.01006,0.00317,0.003103,0.01511,0.006317
167464-0-0-4.wav,167464,2.0,6.0,2,10,0,air_conditioner,C:\Users\USER\Desktop\한이음\학습파일\UrbanSound8K\audio\fold10\167464-0-0-4.wav,0,air_conditioner,air_conditioner,0.8784,True,0.8784,0.00403,0.005035,0.02325,0.003471,0.05405,0.003914,0.004284,0.01743,0.00624
167464-0-0-5.wav,167464,2.5,6.5,2,10,0,air_conditioner,C:\Users\USER\Desktop\한이음\학습파일\UrbanSound8K\audio\fold10\167464-0-0-5.wav,0,air_conditioner,air_conditioner,0.8423,True,0.8423,0.00808,0.01426,0.04968,0.006153,0.02692,0.00924,0.00691,0.01675,0.01976
167464-0-0-6.wav,167464,3.0,7.0,2,10,0,air_conditioner,C:\Users\USER\Desktop\한이음\학습파일\UrbanSound8K\audio\fold10\167464-0-0-6.wav,0,air_conditioner,air_conditioner,0.662,True,0.662,0.01111,0.00686,0.2227,0.0438,0.006092,0.01208,0.005325,0.008095,0.02174
167464-0-0-7.wav,167464,3.5,7.5,2,10,0,air_conditioner,C:\Users\USER\Desktop\한이음\학습파일\UrbanSound8K\audio\fold10\167464-0-0-7.wav,0,air_conditioner,air_conditioner,0.5366,True,0.5366,0.010506,0.005936,0.3857,0.01923,0.01139,0.00724,0.00583,0.00868,0.00902
167464-0-0-8.wav,167464,4.0,8.0,2,10,0,air_conditioner,C:\Users\USER\Desktop\한이음\학습파일\UrbanSound8K\audio\fold10\167464-0-0-8.wav,0,air_conditioner,air_conditioner,0.8433,True,0.8433,0.007267,0.0087,0.02411,0.005527,0.0592,0.004642,0.0067,0.0265,0.01423
167464-0-0-9.wav,167464,4.5,8.5,2,10,0,air_conditioner,C:\Users\USER\Desktop\한이음\학습파일\UrbanSound8K\audio\fold10\167464-0-0-9.wav,0,air_conditioner,air_conditioner,0.8037,True,0.8037,0.00457,0.002914,0.08905,0.02245,0.0339,0.005283,0.01022,0.01808,0.00999
167750-4-0-0.wav,167750,6.617749,9.117787,1,10,4,drilling,C:\Users\USER\Desktop\한이음\학습파일\UrbanSound8K\audio\fold10\167750-4-0-0.wav,4,drilling,drilling,0.9727,True,0.004177,0.002445,0.001289,0.002357,0.9727,0.00591,0.003952,0.002071,0.002264,0.003035
167750-4-1-0.wav,167750,14.330286,18.330286,1,10,4,drilling,C:\Users\USER\Desktop\한이음\학습파일\UrbanSound8K\audio\fold10\167750-4-1-0.wav,4,drilling,drilling,0.9585,True,0.01095,0.00387,0.003067,0.003918,0.9585,0.00529,0.00442,0.001216,0.003668,0.00493
167750-4-2-0.wav,167750,24.689922,26.258574,1,10,4,drilling,C:\Users\USER\Desktop\한이음\학습파일\UrbanSound8K\audio\fold10\167750-4-2-0.wav,4,drilling,drilling,0.9775,True,0.003702,0.003098,0.001563,0.00373,0.9775,0.002346,0.00267,0.0013895,0.002169,0.00197
167750-4-3-0.wav,167750,26.879498,28.170368,1,10,4,drilling,C:\Users\USER\Desktop\한이음\학습파일\UrbanSound8K\audio\fold10\167750-4-3-0.wav,4,drilling,drilling,0.9707,True,0.006027,0.002735,0.002216,0.004253,0.9707,0.00365,0.00402,0.001778,0.002596,0.002028
169261-6-0-0.wav,169261,0.571057,2.23122,1,10,6,gun_shot,C:\Users\USER\Desktop\한이음\학습파일\UrbanSound8K\audio\fold10\169261-6-0-0.wav,6,gun_shot,gun_shot,0.961,True,0.004234,0.004265,0.00239,0.00354,0.00773,0.003933,0.961,0.003166,0.005093,0.00494
17074-1-0-0.wav,17074,3.540527,4.403714,2,10,1,car_horn,C:\Users\USER\Desktop\한이음\학습파일\UrbanSound8K\audio\fold10\17074-1-0-0.wav,1,car_horn,car_horn,0.964,True,0.002869,0.964,0.003616,0.004856,0.002756,0.006107,0.004192,0.003716,0.0061,0.001884
17124-1-0-0.wav,17124,0.072751,0.311441,2,10,1,car_horn,C:\Users\USER\Desktop\한이음\학습파일\UrbanSound8K\audio\fold10\17124-1-0-0.wav,1,car_horn,car_horn,0.962,True,0.003605,0.962,0.002634,0.004604,0.003613,0.003986,0.006786,0.003626,0.005215,0.003834
171478-9-0-26.wav,171478,15.44083,19.44083,2,10,9,street_music,C:\Users\USER\Desktop\한이음\학습파일\UrbanSound8K\audio\fold10\171478-9-0-26.wav,9,street_music,street_music,0.9844,True,0.001191,0.0010605,0.003847,0.001211,0.002176,0.002348,0.001549,0.0008554,0.001591,0.9844
171478-9-0-28.wav,171478,16.44083,20.44083,2,10,9,street_music,C:\Users\USER\Desktop\한이음\학습파일\UrbanSound8K\audio\fold10\171478-9-0-28.wav,9,street_music,street_music,0.985,True,0.0009646,0.00182,0.002316,0.001298,0.002264,0.0021,0.00172,0.0008364,0.001653,0.985
171478-9-0-38.wav,171478,21.44083,25.44083,2,10,9,street_music,C:\Users\USER\Desktop\한이음\학습파일\UrbanSound8K\audio\fold10\171478-9-0-38.wav,9,street_music,children_playing,0.8857,False,0.004078,0.00577,0.8857,0.00528,0.00892,0.00793,0.0102,0.004295,0.006546,0.06146
171478-9-0-4.wav,171478,4.44083,8.44083,2,10,9,street_music,C:\Users\USER\Desktop\한이음\학습파일\UrbanSound8K\audio\fold10\171478-9-0-4.wav,9,street_music,street_music,0.9546,True,0.005558,0.002666,0.01964,0.004234,0.00288,0.003334,0.00285,0.001811,0.002264,0.9546
171478-9-0-55.wav,171478,29.94083,33.94083,2,10,9,street_music,C:\Users\USER\Desktop\한이음\학습파일\UrbanSound8K\audio\fold10\171478-9-0-55.wav,9,street_music,street_music,0.965,True,0.001197,0.003048,0.01671,0.002031,0.00318,0.00234,0.00291,0.001751,0.002098,0.965
171478-9-0-57.wav,171478,30.94083,34.94083,2,10,9,street_music,C:\Users\USER\Desktop\한이음\학습파일\UrbanSound8K\audio\fold10\171478-9-0-57.wav,9,street_music,street_music,0.953,True,0.002224,0.002804,0.02379,0.002077,0.00439,0.002659,0.003357,0.003489,0.002085,0.953
171478-9-0-58.wav,171478,31.44083,35.44083,2,10,9,street_music,C:\Users\USER\Desktop\한이음\학습파일\UrbanSound8K\audio\fold10\171478-9-0-58.wav,9,street_music,children_playing,0.8574,False,0.02666,0.00513,0.8574,0.005306,0.01376,0.010925,0.006786,0.006275,0.00572,0.06226
172519-9-0-10.wav,172519,5.0,9.0,1,10,9,street_music,C:\Users\USER\Desktop\한이음\학습파일\UrbanSound8K\audio\fold10\172519-9-0-10.wav,9,street_music,street_music,0.9746,True,0.002686,0.002747,0.0009713,0.00272,0.003143,0.005386,0.002535,0.002836,0.002243,0.9746
172519-9-0-13.wav,172519,6.5,10.5,1,10,9,street_music,C:\Users\USER\Desktop\한이음\학습파일\UrbanSound8K\audio\fold10\172519-9-0-13.wav,9,street_music,street_music,0.973,True,0.002262,0.003603,0.001449,0.001999,0.003592,0.003647,0.004627,0.002243,0.003487,0.973
172519-9-0-49.wav,172519,24.5,28.5,1,10,9,street_music,C:\Users\USER\Desktop\한이음\학습파일\UrbanSound8K\audio\fold10\172519-9-0-49.wav,9,street_music,street_music,0.9775,True,0.001456,0.002644,0.00206,0.002516,0.002712,0.002768,0.003933,0.002363,0.002224,0.9775
172519-9-0-53.wav,172519,26.5,30.5,1,10,9,street_music,C:\Users\USER\Desktop\한이음\학습파일\UrbanSound8K\audio\fold10\172519-9-0-53.wav,9,street_music,street_music,0.9785,True,0.001982,0.001705,0.002075,0.001903,0.00319,0.003487,0.003325,0.001836,0.002056,0.9785
172519-9-0-67.wav,172519,33.5,37.5,1,10,9,street_music,C:\Users\USER\Desktop\한이음\학습파일\UrbanSound8K\audio\fold10\172519-9-0-67.wav,9,street_music,street_music,0.9834,True,0.001565,0.001587,0.001432,0.001224,0.001816,0.00473,0.0014105,0.001483,0.001505,0.9834
172519-9-0-8.wav,172519,4.0,8.0,1,10,9,street_music,C:\Users\USER\Desktop\한이음\학습파일\UrbanSound8K\audio\fold10\172519-9-0-8.wav,9,street_music,street_music,0.9697,True,0.002554,0.003437,0.00134,0.002707,0.00526,0.0046,0.004097,0.00308,0.003292,0.9697
174289-6-0-0.wav,174289,0.675822,2.896379,1,10,6,gun_shot,C:\Users\USER\Desktop\한이음\학습파일\UrbanSound8K\audio\fold10\174289-6-0-0.wav,6,gun_shot,gun_shot,0.959,True,0.003096,0.005043,0.002455,0.00523,0.00615,0.00476,0.959,0.002209,0.006264,0.00567
174289-6-1-0.wav,174289,5.728394,8.07768,1,10,6,gun_shot,C:\Users\USER\Desktop\한이음\학습파일\UrbanSound8K\audio\fold10\174289-6-1-0.wav,6,gun_shot,gun_shot,0.9478,True,0.00445,0.006737,0.003319,0.00595,0.007416,0.00542,0.9478,0.00296,0.00746,0.00866
174289-6-2-0.wav,174289,10.378692,12.840614,1,10,6,gun_shot,C:\Users\USER\Desktop\한이음\학습파일\UrbanSound8K\audio\fold10\174289-6-2-0.wav,6,gun_shot,gun_shot,0.95,True,0.004593,0.00568,0.003206,0.005905,0.007744,0.00601,0.95,0.002506,0.00731,0.007088
174289-6-3-0.wav,174289,15.3669,17.603549,1,10,6,gun_shot,C:\Users\USER\Desktop\한이음\학습파일\UrbanSound8K\audio\fold10\174289-6-3-0.wav,6,gun_shot,gun_shot,0.943,True,0.003706,0.006947,0.003536,0.005966,0.00905,0.00829,0.943,0.0026,0.009254,0.007595
174292-6-0-0.wav,174292,0.0,2.929375,1,10,6,gun_shot,C:\Users\USER\Desktop\한이음\학습파일\UrbanSound8K\audio\fold10\174292-6-0-0.wav,6,gun_shot,gun_shot,0.96,True,0.004524,0.003803,0.002773,0.004322,0.005836,0.006775,0.96,0.00223,0.004646,0.005085
174292-6-1-0.wav,174292,4.249521,7.140352,1,10,6,gun_shot,C:\Users\USER\Desktop\한이음\학습파일\UrbanSound8K\audio\fold10\174292-6-1-0.wav,6,gun_shot,gun_shot,0.953,True,0.00454,0.005226,0.003199,0.005917,0.0072,0.006783,0.953,0.002373,0.005276,0.006294
174292-6-2-0.wav,174292,10.079363,13.567632,1,10,6,gun_shot,C:\Users\USER\Desktop\한이음\학습파일\UrbanSound8K\audio\fold10\174292-6-2-0.wav,6,gun_shot,gun_shot,0.9517,True,0.00463,0.0052,0.002966,0.004982,0.008194,0.007637,0.9517,0.002502,0.005516,0.00655
17486-3-0-0.wav,17486,0.288611,0.942797,1,10,3,dog_bark,C:\Users\USER\Desktop\한이음\학습파일\UrbanSound8K\audio\fold10\17486-3-0-0.wav,3,dog_bark,dog_bark,0.9604,True,0.004383,0.005863,0.002762,0.9604,0.004692,0.005875,0.0047,0.004025,0.003418,0.00388
17486-3-1-0.wav,17486,1.799011,3.092953,1,10,3,dog_bark,C:\Users\USER\Desktop\한이음\학습파일\UrbanSound8K\audio\fold10\17486-3-1-0.wav,3,dog_bark,dog_bark,0.9604,True,0.004642,0.00618,0.002851,0.9604,0.005398,0.004387,0.004776,0.00409,0.0037,0.00345
17486-3-2-0.wav,17486,4.757279,5.700076,1,10,3,dog_bark,C:\Users\USER\Desktop\한이음\학습파일\UrbanSound8K\audio\fold10\17486-3-2-0.wav,3,dog_bark,dog_bark,0.9673,True,0.003271,0.006145,0.003384,0.9673,0.003155,0.004223,0.003216,0.002625,0.003057,0.003397
175842-1-0-0.wav,175842,0.206442,0.688665,1,10,1,car_horn,C:\Users\USER\Desktop\한이음\학습파일\UrbanSound8K\audio\fold10\175842-1-0-0.wav,1,car_horn,car_horn,0.8228,True,0.0279,0.8228,0.002138,0.01129,0.07623,0.007427,0.01118,0.00954,0.00921,0.0221
175850-1-0-0.wav,175850,0.528684,2.269774,1,10,1,car_horn,C:\Users\USER\Desktop\한이음\학습파일\UrbanSound8K\audio\fold10\175850-1-0-0.wav,1,car_horn,car_horn,0.953,True,0.00582,0.953,0.00482,0.004704,0.003471,0.005257,0.00656,0.00446,0.006397,0.005215
178261-7-0-0.wav,178261,0.0,1.804496,1,10,7,jackhammer,C:\Users\USER\Desktop\한이음\학습파일\UrbanSound8K\audio\fold10\178261-7-0-0.wav,7,jackhammer,jackhammer,0.9487,True,0.004353,0.00503,0.004433,0.006115,0.01076,0.00382,0.007084,0.9487,0.005367,0.004444
178261-7-1-0.wav,178261,4.265171,8.265170999999999,1,10,7,jackhammer,C:\Users\USER\Desktop\한이음\학습파일\UrbanSound8K\audio\fold10\178261-7-1-0.wav,7,jackhammer,jackhammer,0.9487,True,0.003769,0.00464,0.00459,0.006645,0.00968,0.00488,0.00809,0.9487,0.00538,0.003576
178261-7-2-0.wav,178261,10.908996,14.908996,1,10,7,jackhammer,C:\Users\USER\Desktop\한이음\학습파일\UrbanSound8K\audio\fold10\178261-7-2-0.wav,7,jackhammer,jackhammer,0.9487,True,0.004246,0.005043,0.004963,0.00681,0.007153,0.005466,0.00843,0.9487,0.004753,0.004383
178261-7-3-0.wav,178261,17.771547,21.771547,1,10,7,jackhammer,C:\Users\USER\Desktop\한이음\학습파일\UrbanSound8K\audio\fold10\178261-7-3-0.wav,7,jackhammer,jackhammer,0.9463,True,0.005707,0.004147,0.005207,0.007095,0.00831,0.005737,0.008095,0.9463,0.005596,0.00373
178261-7-3-1.wav,178261,18.271547,22.271547,1,10,7,jackhammer,C:\Users\USER\Desktop\한이음\학습파일\UrbanSound8K\audio\fold10\178261-7-3-1.wav,7,jackhammer,jackhammer,0.949,True,0.005558,0.004078,0.004906,0.00669,0.007305,0.00552,0.007996,0.949,0.005207,0.003733
178261-7-3-2.wav,178261,18.771547,22.771547,1,10,7,jackhammer,C:\Users\USER\Desktop\한이음\학습파일\UrbanSound8K\audio\fold10\178261-7-3-2.wav,7,jackhammer,jackhammer,0.9526,True,0.004356,0.004,0.004467,0.006325,0.006783,0.005184,0.00797,0.9526,0.004715,0.003464
178261-7-3-3.wav,178261,19.271547,23.271547,1,10,7,jackhammer,C:\Users\USER\Desktop\한이음\학습파일\UrbanSound8K\audio\fold10\178261-7-3-3.wav,7,jackhammer,jackhammer,0.953,True,0.003641,0.004124,0.004417,0.0064,0.006985,0.00574,0.007523,0.953,0.004555,0.003414
178261-7-3-4.wav,178261,19.771547,23.771547,1,10,7,jackhammer,C:\Users\USER\Desktop\한이음\학습파일\UrbanSound8K\audio\fold10\178261-7-3-4.wav,7,jackhammer,jackhammer,0.953,True,0.003736,0.00394,0.004642,0.00594,0.007565,0.005493,0.00723,0.953,0.00472,0.003412
178261-7-3-5.wav,178261,20.271547,24.271547,1,10,7,jackhammer,C:\Users\USER\Desktop\한이음\학습파일\UrbanSound8K\audio\fold10\178261-7-3-5.wav,7,jackhammer,jackhammer,0.9517,True,0.00534,0.004135,0.004677,0.005836,0.006977,0.00533,0.007607,0.9517,0.00489,0.00379
178261-7-3-6.wav,178261,20.771547,24.771547,1,10,7,jackhammer,C:\Users\USER\Desktop\한이음\학습파일\UrbanSound8K\audio\fold10\178261-7-3-6.wav,7,jackhammer,jackhammer,0.9497,True,0.00463,0.004257,0.00501,0.006397,0.00763,0.005615,0.00763,0.9497,0.005043,0.003914
178402-1-0-0.wav,178402,0.122098,2.167244,1,10,1,car_horn,C:\Users\USER\Desktop\한이음\학습파일\UrbanSound8K\audio\fold10\178402-1-0-0.wav,1,car_horn,car_horn,0.9595,True,0.004147,0.9595,0.003162,0.004,0.00307,0.006447,0.00537,0.00312,0.006573,0.004673
178826-2-0-10.wav,178826,5.0,9.0,1,10,2,children_playing,C:\Users\USER\Desktop\한이음\학습파일\UrbanSound8K\audio\fold10\178826-2-0-10.wav,2,children_playing,children_playing,0.961,True,0.004143,0.00366,0.961,0.00252,0.003975,0.005,0.004368,0.00387,0.003805,0.007496
178826-2-0-12.wav,178826,6.0,10.0,1,10,2,children_playing,C:\Users\USER\Desktop\한이음\학습파일\UrbanSound8K\audio\fold10\178826-2-0-12.wav,2,children_playing,children_playing,0.959,True,0.004963,0.003933,0.959,0.00418,0.00503,0.004044,0.00531,0.003653,0.003551,0.006283
178826-2-0-14.wav,178826,7.0,11.0,1,10,2,children_playing,C:\Users\USER\Desktop\한이음\학습파일\UrbanSound8K\audio\fold10\178826-2-0-14.wav,2,children_playing,children_playing,0.9565,True,0.005325,0.004536,0.9565,0.00343,0.004684,0.003311,0.0057,0.00371,0.00426,0.00849
178826-2-0-16.wav,178826,8.0,12.0,1,10,2,children_playing,C:\Users\USER\Desktop\한이음\학습파일\UrbanSound8K\audio\fold10\178826-2-0-16.wav,2,children_playing,children_playing,0.9634,True,0.00376,0.00384,0.9634,0.00365,0.00429,0.004276,0.004257,0.00382,0.00395,0.004623
178826-2-0-17.wav,178826,8.5,12.5,1,10,2,children_playing,C:\Users\USER\Desktop\한이음\학습파일\UrbanSound8K\audio\fold10\178826-2-0-17.wav,2,children_playing,children_playing,0.956,True,0.00416,0.004276,0.956,0.00346,0.00476,0.004665,0.005157,0.004036,0.004005,0.00933
178826-2-0-20.wav,178826,10.0,14.0,1,10,2,children_playing,C:\Users\USER\Desktop\한이음\학습파일\UrbanSound8K\audio\fold10\178826-2-0-20.wav,2,children_playing,children_playing,0.886,True,0.01685,0.006184,0.886,0.002625,0.008736,0.005276,0.0079,0.003815,0.004776,0.05743
178826-2-0-28.wav,178826,14.0,18.0,1,10,2,children_playing,C:\Users\USER\Desktop\한이음\학습파일\UrbanSound8K\audio\fold10\178826-2-0-28.wav,2,children_playing,children_playing,0.958,True,0.004875,0.004223,0.958,0.003561,0.004192,0.003893,0.005013,0.0041,0.003628,0.00832
178826-2-0-39.wav,178826,19.5,23.5,1,10,2,children_playing,C:\Users\USER\Desktop\한이음\학습파일\UrbanSound8K\audio\fold10\178826-2-0-39.wav,2,children_playing,children_playing,0.96,True,0.004776,0.00437,0.96,0.003283,0.00406,0.00327,0.00483,0.003717,0.003918,0.007656
179868-1-0-0.wav,179868,0.232419,2.385632,1,10,1,car_horn,C:\Users\USER\Desktop\한이음\학습파일\UrbanSound8K\audio\fold10\179868-1-0-0.wav,1,car_horn,car_horn,0.953,True,0.005665,0.953,0.004074,0.00452,0.00391,0.004993,0.00675,0.004574,0.00693,0.00524
180127-4-0-0.wav,180127,0.677342,4.677342,1,10,4,drilling,C:\Users\USER\Desktop\한이음\학습파일\UrbanSound8K\audio\fold10\180127-4-0-0.wav,4,drilling,drilling,0.9634,True,0.007835,0.003975,0.003073,0.003563,0.9634,0.002771,0.005104,0.001378,0.003496,0.005245
180127-4-0-1.wav,180127,1.177342,5.177342,1,10,4,drilling,C:\Users\USER\Desktop\한이음\학습파일\UrbanSound8K\audio\fold10\180127-4-0-1.wav,4,drilling,drilling,0.96,True,0.00791,0.003956,0.003773,0.003918,0.96,0.003504,0.005318,0.001636,0.004513,0.005337
180127-4-0-10.wav,180127,5.677342,9.677342,1,10,4,drilling,C:\Users\USER\Desktop\한이음\학습파일\UrbanSound8K\audio\fold10\180127-4-0-10.wav,4,drilling,drilling,0.958,True,0.013306,0.003538,0.002085,0.003773,0.958,0.00397,0.00569,0.002565,0.003508,0.003574
180127-4-0-11.wav,180127,6.177342,10.177342,1,10,4,drilling,C:\Users\USER\Desktop\한이음\학습파일\UrbanSound8K\audio\fold10\180127-4-0-11.wav,4,drilling,drilling,0.9717,True,0.005505,0.003504,0.00234,0.003208,0.9717,0.002169,0.00416,0.001888,0.002647,0.003002
180127-4-0-12.wav,180127,6.677342,10.677342,1,10,4,drilling,C:\Users\USER\Desktop\한이음\학습파일\UrbanSound8K\audio\fold10\180127-4-0-12.wav,4,drilling,drilling,0.9683,True,0.007767,0.003437,0.002441,0.003443,0.9683,0.002144,0.00426,0.001782,0.002949,0.00337
180127-4-0-13.wav,180127,7.177342,11.177342,1,10,4,drilling,C:\Users\USER\Desktop\한이음\학습파일\UrbanSound8K\audio\fold10\180127-4-0-13.wav,4,drilling,drilling,0.9688,True,0.00747,0.00372,0.002396,0.00364,0.9688,0.002213,0.003952,0.001857,0.002823,0.003403
180127-4-0-14.wav,180127,7.677342,11.677342,1,10,4,drilling,C:\Users\USER\Desktop\한이음\학습파일\UrbanSound8K\audio\fold10\180127-4-0-14.wav,4,drilling,drilling,0.9634,True,0.00854,0.0043,0.002516,0.003763,0.9634,0.002949,0.004524,0.0025,0.003525,0.003847
180127-4-0-15.wav,180127,8.177342,12.177342,1,10,4,drilling,C:\Users\USER\Desktop\한이음\학습파일\UrbanSound8K\audio\fold10\180127-4-0-15.wav,4,drilling,drilling,0.9546,True,0.01054,0.004414,0.00278,0.00494,0.9546,0.00455,0.005924,0.00273,0.004913,0.00459
180127-4-0-16.wav,180127,8.677342,12.677342,1,10,4,drilling,C:\Users\USER\Desktop\한이음\학습파일\UrbanSound8K\audio\fold10\180127-4-0-16.wav,4,drilling,drilling,0.952,True,0.01175,0.004646,0.003054,0.005386,0.952,0.00468,0.006454,0.002731,0.00488,0.00446
180127-4-0-17.wav,180127,9.177342,13.177342,1,10,4,drilling,C:\Users\USER\Desktop\한이음\학습파일\UrbanSound8K\audio\fold10\180127-4-0-17.wav,4,drilling,drilling,0.9517,True,0.0128,0.005375,0.003334,0.00482,0.9517,0.00418,0.006252,0.003162,0.00461,0.003805
180127-4-0-18.wav,180127,9.677342,13.677342,1,10,4,drilling,C:\Users\USER\Desktop\한이음\학습파일\UrbanSound8K\audio\fold10\180127-4-0-18.wav,4,drilling,drilling,0.955,True,0.012375,0.004673,0.00303,0.004288,0.955,0.00392,0.006077,0.002892,0.004265,0.003515
180127-4-0-19.wav,180127,10.177342,14.177342,1,10,4,drilling,C:\Users\USER\Desktop\한이음\학습파일\UrbanSound8K\audio\fold10\180127-4-0-19.wav,4,drilling,drilling,0.9517,True,0.01356,0.004917,0.003422,0.004333,0.9517,0.004505,0.00626,0.002804,0.004593,0.003803
180127-4-0-2.wav,180127,1.677342,5.677342,1,10,4,drilling,C:\Users\USER\Desktop\한이음\학습파일\UrbanSound8K\audio\fold10\180127-4-0-2.wav,4,drilling,drilling,0.9604,True,0.0086,0.003687,0.003305,0.00455,0.9604,0.003677,0.004753,0.001914,0.004505,0.004765
180127-4-0-20.wav,180127,10.677342,14.677342,1,10,4,drilling,C:\Users\USER\Desktop\한이음\학습파일\UrbanSound8K\audio\fold10\180127-4-0-20.wav,4,drilling,drilling,0.9536,True,0.01365,0.00486,0.003298,0.00435,0.9536,0.00395,0.005848,0.002758,0.004128,0.003551
180127-4-0-21.wav,180127,11.177342,15.177342,1,10,4,drilling,C:\Users\USER\Desktop\한이음\학습파일\UrbanSound8K\audio\fold10\180127-4-0-21.wav,4,drilling,drilling,0.956,True,0.01234,0.004765,0.002892,0.004436,0.956,0.003607,0.005505,0.002876,0.003956,0.003569
180127-4-0-3.wav,180127,2.177342,6.177342,1,10,4,drilling,C:\Users\USER\Desktop\한이음\학습파일\UrbanSound8K\audio\fold10\180127-4-0-3.wav,4,drilling,drilling,0.9707,True,0.00546,0.003729,0.002335,0.003841,0.9707,0.002203,0.00369,0.001911,0.00276,0.003193
180127-4-0-4.wav,180127,2.677342,6.677342,1,10,4,drilling,C:\Users\USER\Desktop\한이음\학습파일\UrbanSound8K\audio\fold10\180127-4-0-4.wav,4,drilling,drilling,0.9688,True,0.00712,0.003548,0.00245,0.00413,0.9688,0.002167,0.004124,0.001621,0.002739,0.003464
180127-4-0-5.wav,180127,3.177342,7.177342,1,10,4,drilling,C:\Users\USER\Desktop\한이음\학습파일\UrbanSound8K\audio\fold10\180127-4-0-5.wav,4,drilling,drilling,0.9688,True,0.006413,0.003807,0.002625,0.00367,0.9688,0.002304,0.00421,0.001553,0.00259,0.003906
180127-4-0-6.wav,180127,3.677342,7.677341999999999,1,10,4,drilling,C:\Users\USER\Desktop\한이음\학습파일\UrbanSound8K\audio\fold10\180127-4-0-6.wav,4,drilling,drilling,0.973,True,0.004677,0.003548,0.002453,0.003126,0.973,0.002321,0.00378,0.001546,0.002386,0.002789
180127-4-0-7.wav,180127,4.177342,8.177342,1,10,4,drilling,C:\Users\USER\Desktop\한이음\학습파일\UrbanSound8K\audio\fold10\180127-4-0-7.wav,4,drilling,drilling,0.969,True,0.006187,0.003685,0.002655,0.003769,0.969,0.002157,0.00451,0.0019455,0.002752,0.003092
180127-4-0-8.wav,180127,4.677342,8.677342,1,10,4,drilling,C:\Users\USER\Desktop\한이음\학습파일\UrbanSound8K\audio\fold10\180127-4-0-8.wav,4,drilling,drilling,0.97,True,0.005573,0.00347,0.002522,0.003618,0.97,0.002327,0.0046,0.001867,0.002888,0.002893
180127-4-0-9.wav,180127,5.177342,9.177342,1,10,4,drilling,C:\Users\USER\Desktop\한이음\학습파일\UrbanSound8K\audio\fold10\180127-4-0-9.wav,4,drilling,drilling,0.944,True,0.01993,0.00447,0.00208,0.005547,0.944,0.00463,0.00735,0.003063,0.004642,0.004646
181624-4-0-0.wav,181624,0.161546,2.469352,1,10,4,drilling,C:\Users\USER\Desktop\한이음\학습파일\UrbanSound8K\audio\fold10\181624-4-0-0.wav,4,drilling,drilling,0.9736,True,0.003359,0.002733,0.001941,0.004707,0.9736,0.002653,0.00331,0.001771,0.002676,0.003204
181624-4-1-0.wav,181624,3.392474,7.392474,1,10,4,drilling,C:\Users\USER\Desktop\한이음\학습파일\UrbanSound8K\audio\fold10\181624-4-1-0.wav,4,drilling,drilling,0.963,True,0.00724,0.005356,0.002748,0.003656,0.963,0.003876,0.003563,0.002104,0.005157,0.003628
181624-4-10-0.wav,181624,38.171107,40.455835,1,10,4,drilling,C:\Users\USER\Desktop\한이음\학습파일\UrbanSound8K\audio\fold10\181624-4-10-0.wav,4,drilling,drilling,0.9717,True,0.005005,0.0033,0.002304,0.004078,0.9717,0.002428,0.003807,0.001277,0.002317,0.003666
181624-4-2-0.wav,181624,8.538881,11.192858,1,10,4,drilling,C:\Users\USER\Desktop\한이음\학습파일\UrbanSound8K\audio\fold10\181624-4-2-0.wav,4,drilling,drilling,0.955,True,0.006912,0.00432,0.003252,0.005577,0.955,0.002733,0.00491,0.004112,0.00885,0.00416
181624-4-3-0.wav,181624,11.862122,12.508307,1,10,4,drilling,C:\Users\USER\Desktop\한이음\학습파일\UrbanSound8K\audio\fold10\181624-4-3-0.wav,4,drilling,drilling,0.971,True,0.004063,0.003183,0.00183,0.004982,0.971,0.002945,0.003353,0.001536,0.002419,0.00438
181624-4-4-0.wav,181624,13.108337,14.308396,1,10,4,drilling,C:\Users\USER\Desktop\한이음\학습파일\UrbanSound8K\audio\fold10\181624-4-4-0.wav,4,drilling,drilling,0.9653,True,0.006664,0.00297,0.003435,0.003855,0.9653,0.004135,0.004597,0.00208,0.002968,0.004173
181624-4-5-0.wav,181624,20.67794,21.116423,1,10,4,drilling,C:\Users\USER\Desktop\한이음\학습파일\UrbanSound8K\audio\fold10\181624-4-5-0.wav,4,drilling,drilling,0.9595,True,0.01249,0.002865,0.002739,0.0048,0.9595,0.00277,0.005802,0.002584,0.002966,0.003616
181624-4-6-0.wav,181624,21.554906,22.108779,1,10,4,drilling,C:\Users\USER\Desktop\한이음\학습파일\UrbanSound8K\audio\fold10\181624-4-6-0.wav,4,drilling,drilling,0.9614,True,0.007607,0.003582,0.002748,0.00569,0.9614,0.003416,0.005733,0.003918,0.002707,0.003119
181624-4-7-0.wav,181624,27.255186,27.716747,1,10,4,drilling,C:\Users\USER\Desktop\한이음\학습파일\UrbanSound8K\audio\fold10\181624-4-7-0.wav,4,drilling,drilling,0.956,True,0.009056,0.00411,0.00261,0.007404,0.956,0.004757,0.005417,0.002472,0.003668,0.00457
181624-4-8-0.wav,181624,29.009118,30.739973,1,10,4,drilling,C:\Users\USER\Desktop\한이음\학습파일\UrbanSound8K\audio\fold10\181624-4-8-0.wav,4,drilling,drilling,0.9556,True,0.007313,0.004295,0.004307,0.005993,0.9556,0.0053,0.006374,0.003511,0.003729,0.003548
181624-4-9-0.wav,181624,35.817145,37.77878,1,10,4,drilling,C:\Users\USER\Desktop\한이음\학습파일\UrbanSound8K\audio\fold10\181624-4-9-0.wav,4,drilling,drilling,0.9697,True,0.004658,0.004364,0.00284,0.003155,0.9697,0.002666,0.002985,0.004158,0.00303,0.002636
187110-2-0-1.wav,187110,0.5,4.5,1,10,2,children_playing,C:\Users\USER\Desktop\한이음\학습파일\UrbanSound8K\audio\fold10\187110-2-0-1.wav,2,children_playing,children_playing,0.5786,True,0.01772,0.00758,0.5786,0.003452,0.01003,0.007614,0.007935,0.004246,0.007397,0.3557
187110-2-0-10.wav,187110,5.0,9.0,1,10,2,children_playing,C:\Users\USER\Desktop\한이음\학습파일\UrbanSound8K\audio\fold10\187110-2-0-10.wav,2,children_playing,children_playing,0.956,True,0.006977,0.005535,0.956,0.00351,0.006256,0.00471,0.005234,0.002884,0.00436,0.004387
187110-2-0-12.wav,187110,6.0,10.0,1,10,2,children_playing,C:\Users\USER\Desktop\한이음\학습파일\UrbanSound8K\audio\fold10\187110-2-0-12.wav,2,children_playing,children_playing,0.9487,True,0.00592,0.00552,0.9487,0.00591,0.00724,0.004616,0.005455,0.005344,0.00469,0.00638
187110-2-0-27.wav,187110,13.5,17.5,1,10,2,children_playing,C:\Users\USER\Desktop\한이음\학습파일\UrbanSound8K\audio\fold10\187110-2-0-27.wav,2,children_playing,children_playing,0.9194,True,0.00619,0.002855,0.9194,0.00795,0.005264,0.004917,0.003998,0.002766,0.005745,0.04077
187110-2-0-30.wav,187110,15.0,19.0,1,10,2,children_playing,C:\Users\USER\Desktop\한이음\학습파일\UrbanSound8K\audio\fold10\187110-2-0-30.wav,2,children_playing,children_playing,0.953,True,0.005917,0.004242,0.953,0.004417,0.006405,0.004364,0.005096,0.003735,0.004574,0.00834
187110-2-0-34.wav,187110,17.0,21.0,1,10,2,children_playing,C:\Users\USER\Desktop\한이음\학습파일\UrbanSound8K\audio\fold10\187110-2-0-34.wav,2,children_playing,children_playing,0.9463,True,0.007027,0.005234,0.9463,0.00373,0.007122,0.004974,0.006474,0.003077,0.005424,0.010635
187110-2-0-6.wav,187110,3.0,7.0,1,10,2,children_playing,C:\Users\USER\Desktop\한이음\학습파일\UrbanSound8K\audio\fold10\187110-2-0-6.wav,2,children_playing,children_playing,0.9272,True,0.01024,0.00823,0.9272,0.00511,0.01298,0.003704,0.005207,0.00527,0.005104,0.01712
187110-2-0-8.wav,187110,4.0,8.0,1,10,2,children_playing,C:\Users\USER\Desktop\한이음\학습파일\UrbanSound8K\audio\fold10\187110-2-0-8.wav,2,children_playing,children_playing,0.9614,True,0.00421,0.006416,0.9614,0.002562,0.00429,0.003345,0.005108,0.002617,0.0058,0.004227
187863-4-0-0.wav,187863,0.0,4.0,1,10,4,drilling,C:\Users\USER\Desktop\한이음\학습파일\UrbanSound8K\audio\fold10\187863-4-0-0.wav,4,drilling,drilling,0.972,True,0.005497,0.00213,0.002108,0.003553,0.972,0.00305,0.00343,0.0008764,0.004154,0.003004
187863-4-0-1.wav,187863,0.5,4.5,1,10,4,drilling,C:\Users\USER\Desktop\한이음\학습파일\UrbanSound8K\audio\fold10\187863-4-0-1.wav,4,drilling,drilling,0.9087,True,0.01935,0.001993,0.02214,0.010086,0.9087,0.00733,0.00789,0.002327,0.01512,0.005035
187863-4-0-2.wav,187863,1.0,5.0,1,10,4,drilling,C:\Users\USER\Desktop\한이음\학습파일\UrbanSound8K\audio\fold10\187863-4-0-2.wav,4,drilling,drilling,0.9336,True,0.01496,0.002493,0.005863,0.00979,0.9336,0.00613,0.00886,0.001157,0.00713,0.01002
187863-4-0-3.wav,187863,1.5,5.5,1,10,4,drilling,C:\Users\USER\Desktop\한이음\학습파일\UrbanSound8K\audio\fold10\187863-4-0-3.wav,4,drilling,drilling,0.9604,True,0.01295,0.002068,0.002605,0.004166,0.9604,0.003183,0.004753,0.00093,0.004154,0.004524
187863-4-0-4.wav,187863,2.0,6.0,1,10,4,drilling,C:\Users\USER\Desktop\한이음\학습파일\UrbanSound8K\audio\fold10\187863-4-0-4.wav,4,drilling,drilling,0.958,True,0.01494,0.001959,0.003185,0.004456,0.958,0.004223,0.003609,0.001043,0.005398,0.003387
187863-4-0-5.wav,187863,2.5,6.5,1,10,4,drilling,C:\Users\USER\Desktop\한이음\학습파일\UrbanSound8K\audio\fold10\187863-4-0-5.wav,4,drilling,drilling,0.9478,True,0.01958,0.001777,0.003279,0.005695,0.9478,0.004845,0.007034,0.001184,0.004593,0.00448
188497-2-0-0.wav,188497,0.0,4.0,1,10,2,children_playing,C:\Users\USER\Desktop\한이음\학습파일\UrbanSound8K\audio\fold10\188497-2-0-0.wav,2,children_playing,children_playing,0.9585,True,0.004883,0.004044,0.9585,0.006668,0.00474,0.003925,0.003786,0.003393,0.004738,0.005356
188497-2-0-1.wav,188497,0.5,4.5,1,10,2,children_playing,C:\Users\USER\Desktop\한이음\학습파일\UrbanSound8K\audio\fold10\188497-2-0-1.wav,2,children_playing,children_playing,0.9575,True,0.004875,0.0041,0.9575,0.006157,0.00545,0.00397,0.004204,0.003227,0.00528,0.00541
188497-2-0-11.wav,188497,5.5,9.5,1,10,2,children_playing,C:\Users\USER\Desktop\한이음\학습파일\UrbanSound8K\audio\fold10\188497-2-0-11.wav,2,children_playing,children_playing,0.952,True,0.005173,0.0042,0.952,0.00788,0.006012,0.00535,0.005264,0.00332,0.005386,0.005444
188497-2-0-17.wav,188497,8.5,12.5,1,10,2,children_playing,C:\Users\USER\Desktop\한이음\학습파일\UrbanSound8K\audio\fold10\188497-2-0-17.wav,2,children_playing,children_playing,0.9697,True,0.003166,0.00254,0.9697,0.003986,0.003391,0.00254,0.002983,0.002537,0.005196,0.004055
188497-2-0-19.wav,188497,9.5,13.5,1,10,2,children_playing,C:\Users\USER\Desktop\한이음\학습파일\UrbanSound8K\audio\fold10\188497-2-0-19.wav,2,children_playing,children_playing,0.9546,True,0.006454,0.00432,0.9546,0.007446,0.005234,0.003828,0.00387,0.003675,0.00495,0.005848
188497-2-0-2.wav,188497,1.0,5.0,1,10,2,children_playing,C:\Users\USER\Desktop\한이음\학습파일\UrbanSound8K\audio\fold10\188497-2-0-2.wav,2,children_playing,children_playing,0.959,True,0.004257,0.003925,0.959,0.005054,0.005417,0.003527,0.004505,0.003294,0.005493,0.005566
188497-2-0-23.wav,188497,11.5,15.5,1,10,2,children_playing,C:\Users\USER\Desktop\한이음\학습파일\UrbanSound8K\audio\fold10\188497-2-0-23.wav,2,children_playing,children_playing,0.9595,True,0.004227,0.00425,0.9595,0.00637,0.004818,0.00408,0.003584,0.003222,0.00433,0.005768
188497-2-0-8.wav,188497,4.0,8.0,1,10,2,children_playing,C:\Users\USER\Desktop\한이음\학습파일\UrbanSound8K\audio\fold10\188497-2-0-8.wav,2,children_playing,children_playing,0.96,True,0.003643,0.003237,0.96,0.00403,0.004093,0.00325,0.004364,0.004017,0.007233,0.00596
188813-7-0-0.wav,188813,1.356941,2.196952,1,10,7,jackhammer,C:\Users\USER\Desktop\한이음\학습파일\UrbanSound8K\audio\fold10\188813-7-0-0.wav,7,jackhammer,jackhammer,0.942,True,0.002892,0.004482,0.00425,0.007526,0.01784,0.006367,0.00519,0.942,0.0045,0.005066
188813-7-1-0.wav,188813,2.972346,4.975449,1,10,7,jackhammer,C:\Users\USER\Desktop\한이음\학습파일\UrbanSound8K\audio\fold10\188813-7-1-0.wav,7,jackhammer,jackhammer,0.917,True,0.00305,0.00508,0.004192,0.004143,0.03102,0.02063,0.006893,0.917,0.004517,0.003466
188813-7-10-0.wav,188813,37.348178,41.348178,1,10,7,jackhammer,C:\Users\USER\Desktop\한이음\학습파일\UrbanSound8K\audio\fold10\188813-7-10-0.wav,7,jackhammer,jackhammer,0.955,True,0.002134,0.00383,0.004692,0.006718,0.01048,0.004097,0.005074,0.955,0.00416,0.003513
188813-7-10-1.wav,188813,37.848178,41.848178,1,10,7,jackhammer,C:\Users\USER\Desktop\한이음\학습파일\UrbanSound8K\audio\fold10\188813-7-10-1.wav,7,jackhammer,jackhammer,0.9526,True,0.002731,0.003918,0.005783,0.007442,0.00751,0.004486,0.006214,0.9526,0.00483,0.004547
188813-7-10-2.wav,188813,38.348178,42.348178,1,10,7,jackhammer,C:\Users\USER\Desktop\한이음\학습파일\UrbanSound8K\audio\fold10\188813-7-10-2.wav,7,jackhammer,jackhammer,0.952,True,0.002705,0.00413,0.005394,0.00721,0.00875,0.004253,0.006203,0.952,0.004795,0.004242
188813-7-10-3.wav,188813,38.848178,42.848178,1,10,7,jackhammer,C:\Users\USER\Desktop\한이음\학습파일\UrbanSound8K\audio\fold10\188813-7-10-3.wav,7,jackhammer,jackhammer,0.953,True,0.002546,0.00395,0.00546,0.007126,0.00824,0.004204,0.00663,0.953,0.00442,0.004265
188813-7-11-0.wav,188813,50.529888,54.529888,1,10,7,jackhammer,C:\Users\USER\Desktop\한이음\학습파일\UrbanSound8K\audio\fold10\188813-7-11-0.wav,7,jackhammer,jackhammer,0.956,True,0.002184,0.003963,0.004616,0.00546,0.010895,0.003872,0.0052,0.956,0.00401,0.003983
188813-7-11-1.wav,188813,51.029888,55.029888,1,10,7,jackhammer,C:\Users\USER\Desktop\한이음\학습파일\UrbanSound8K\audio\fold10\188813-7-11-1.wav,7,jackhammer,jackhammer,0.956,True,0.00206,0.003807,0.004704,0.00577,0.00947,0.003937,0.00585,0.956,0.004097,0.0044
188813-7-12-0.wav,188813,61.126949,62.160808,1,10,7,jackhammer,C:\Users\USER\Desktop\한이음\학습파일\UrbanSound8K\audio\fold10\188813-7-12-0.wav,7,jackhammer,jackhammer,0.933,True,0.00319,0.006508,0.0074,0.00998,0.0108,0.005367,0.00952,0.933,0.006866,0.007088
188813-7-13-0.wav,188813,67.911652,70.560917,1,10,7,jackhammer,C:\Users\USER\Desktop\한이음\학습파일\UrbanSound8K\audio\fold10\188813-7-13-0.wav,7,jackhammer,jackhammer,0.954,True,0.002724,0.004475,0.004272,0.005627,0.01088,0.00444,0.005974,0.954,0.003603,0.00406
188813-7-2-0.wav,188813,6.203158,7.753947,1,10,7,jackhammer,C:\Users\USER\Desktop\한이음\학습파일\UrbanSound8K\audio\fold10\188813-7-2-0.wav,7,jackhammer,jackhammer,0.948,True,0.002048,0.005836,0.005024,0.005215,0.01554,0.004436,0.006546,0.948,0.00339,0.003834
188813-7-3-0.wav,188813,8.464725,10.79091,1,10,7,jackhammer,C:\Users\USER\Desktop\한이음\학습파일\UrbanSound8K\audio\fold10\188813-7-3-0.wav,7,jackhammer,jackhammer,0.576,True,0.002401,0.005703,0.004295,0.005615,0.3794,0.01094,0.00814,0.576,0.003815,0.003357
188813-7-4-0.wav,188813,11.566304,14.603267,1,10,7,jackhammer,C:\Users\USER\Desktop\한이음\학습파일\UrbanSound8K\audio\fold10\188813-7-4-0.wav,7,jackhammer,drilling,0.662,False,0.00239,0.004974,0.006435,0.007435,0.662,0.002123,0.005604,0.3003,0.003105,0.005463
188813-7-5-0.wav,188813,15.249429,17.1233,1,10,7,jackhammer,C:\Users\USER\Desktop\한이음\학습파일\UrbanSound8K\audio\fold10\188813-7-5-0.wav,7,jackhammer,jackhammer,0.9517,True,0.00315,0.004223,0.00401,0.005585,0.011955,0.005127,0.005825,0.9517,0.0038,0.00451
188813-7-6-0.wav,188813,18.092543,20.354111,1,10,7,jackhammer,C:\Users\USER\Desktop\한이음\학습파일\UrbanSound8K\audio\fold10\188813-7-6-0.wav,7,jackhammer,jackhammer,0.8936,True,0.00318,0.005627,0.00421,0.00393,0.0711,0.00477,0.00495,0.8936,0.005283,0.00349
188813-7-7-0.wav,188813,21.323354,24.618782,1,10,7,jackhammer,C:\Users\USER\Desktop\한이음\학습파일\UrbanSound8K\audio\fold10\188813-7-7-0.wav,7,jackhammer,jackhammer,0.9,True,0.004433,0.005142,0.005623,0.005505,0.06113,0.00412,0.006107,0.9,0.00468,0.003326
188813-7-8-0.wav,188813,27.332663,29.464998,1,10,7,jackhammer,C:\Users\USER\Desktop\한이음\학습파일\UrbanSound8K\audio\fold10\188813-7-8-0.wav,7,jackhammer,jackhammer,0.953,True,0.003605,0.004036,0.003563,0.00529,0.00987,0.00698,0.00636,0.953,0.003813,0.003454
188813-7-9-0.wav,188813,32.825042,36.12047,1,10,7,jackhammer,C:\Users\USER\Desktop\한이음\학습파일\UrbanSound8K\audio\fold10\188813-7-9-0.wav,7,jackhammer,jackhammer,0.922,True,0.003084,0.006424,0.005512,0.005665,0.03864,0.00434,0.00552,0.922,0.004932,0.004177
189982-0-0-11.wav,189982,5.5,9.5,1,10,0,air_conditioner,C:\Users\USER\Desktop\한이음\학습파일\UrbanSound8K\audio\fold10\189982-0-0-11.wav,0,air_conditioner,air_conditioner,0.9785,True,0.9785,0.00228,0.00074,0.002048,0.002838,0.00253,0.002523,0.001714,0.004173,0.002447
189982-0-0-13.wav,189982,6.5,10.5,1,10,0,air_conditioner,C:\Users\USER\Desktop\한이음\학습파일\UrbanSound8K\audio\fold10\189982-0-0-13.wav,0,air_conditioner,air_conditioner,0.9785,True,0.9785,0.002115,0.0008187,0.001778,0.004204,0.001978,0.002283,0.001939,0.004147,0.002325
189982-0-0-16.wav,189982,8.0,12.0,1,10,0,air_conditioner,C:\Users\USER\Desktop\한이음\학습파일\UrbanSound8K\audio\fold10\189982-0-0-16.wav,0,air_conditioner,air_conditioner,0.976,True,0.976,0.00259,0.000887,0.001953,0.004047,0.001939,0.002605,0.002338,0.004585,0.002823
189982-0-0-17.wav,189982,8.5,12.5,1,10,0,air_conditioner,C:\Users\USER\Desktop\한이음\학습파일\UrbanSound8K\audio\fold10\189982-0-0-17.wav,0,air_conditioner,air_conditioner,0.973,True,0.973,0.003159,0.001046,0.002329,0.003754,0.00209,0.003141,0.003088,0.004734,0.003637
189982-0-0-18.wav,189982,9.0,13.0,1,10,0,air_conditioner,C:\Users\USER\Desktop\한이음\학습파일\UrbanSound8K\audio\fold10\189982-0-0-18.wav,0,air_conditioner,air_conditioner,0.9746,True,0.9746,0.002895,0.0009027,0.002214,0.004417,0.001754,0.002886,0.00312,0.00392,0.003174
189982-0-0-19.wav,189982,9.5,13.5,1,10,0,air_conditioner,C:\Users\USER\Desktop\한이음\학습파일\UrbanSound8K\audio\fold10\189982-0-0-19.wav,0,air_conditioner,air_conditioner,0.974,True,0.974,0.002527,0.0008197,0.001875,0.00511,0.0016575,0.002779,0.004044,0.004375,0.002775
189982-0-0-2.wav,189982,1.0,5.0,1,10,0,air_conditioner,C:\Users\USER\Desktop\한이음\학습파일\UrbanSound8K\audio\fold10\189982-0-0-2.wav,0,air_conditioner,air_conditioner,0.9707,True,0.9707,0.002413,0.001187,0.002686,0.003149,0.0059,0.001809,0.002094,0.007385,0.002874
189982-0-0-20.wav,189982,10.0,14.0,1,10,0,air_conditioner,C:\Users\USER\Desktop\한이음\학습파일\UrbanSound8K\audio\fold10\189982-0-0-20.wav,0,air_conditioner,air_conditioner,0.9683,True,0.9683,0.00371,0.001124,0.002516,0.00551,0.002106,0.003313,0.003874,0.006027,0.003712
189982-0-0-23.wav,189982,11.5,15.5,1,10,0,air_conditioner,C:\Users\USER\Desktop\한이음\학습파일\UrbanSound8K\audio\fold10\189982-0-0-23.wav,0,air_conditioner,air_conditioner,0.98,True,0.98,0.001106,0.000732,0.000704,0.00722,0.001374,0.001917,0.001513,0.004417,0.001227
189982-0-0-27.wav,189982,13.5,17.5,1,10,0,air_conditioner,C:\Users\USER\Desktop\한이음\학습파일\UrbanSound8K\audio\fold10\189982-0-0-27.wav,0,air_conditioner,air_conditioner,0.9707,True,0.9707,0.001941,0.001254,0.00215,0.0021,0.0061,0.00178,0.001876,0.01013,0.002117
189982-0-0-28.wav,189982,14.0,18.0,1,10,0,air_conditioner,C:\Users\USER\Desktop\한이음\학습파일\UrbanSound8K\audio\fold10\189982-0-0-28.wav,0,air_conditioner,air_conditioner,0.9746,True,0.9746,0.001865,0.001244,0.00222,0.001771,0.00308,0.00163,0.00182,0.009636,0.002117
189982-0-0-3.wav,189982,1.5,5.5,1,10,0,air_conditioner,C:\Users\USER\Desktop\한이음\학습파일\UrbanSound8K\audio\fold10\189982-0-0-3.wav,0,air_conditioner,air_conditioner,0.9683,True,0.9683,0.002483,0.000949,0.002241,0.005764,0.005917,0.00231,0.00325,0.006756,0.002232
189982-0-0-30.wav,189982,15.0,19.0,1,10,0,air_conditioner,C:\Users\USER\Desktop\한이음\학습파일\UrbanSound8K\audio\fold10\189982-0-0-30.wav,0,air_conditioner,air_conditioner,0.9785,True,0.9785,0.001845,0.001137,0.001959,0.001589,0.002344,0.001356,0.001704,0.00682,0.002855
189982-0-0-33.wav,189982,16.5,20.5,1,10,0,air_conditioner,C:\Users\USER\Desktop\한이음\학습파일\UrbanSound8K\audio\fold10\189982-0-0-33.wav,0,air_conditioner,air_conditioner,0.972,True,0.972,0.002386,0.001597,0.002499,0.001982,0.004387,0.002104,0.00204,0.00854,0.002161
189982-0-0-35.wav,189982,17.5,21.5,1,10,0,air_conditioner,C:\Users\USER\Desktop\한이음\학습파일\UrbanSound8K\audio\fold10\189982-0-0-35.wav,0,air_conditioner,air_conditioner,0.975,True,0.975,0.001651,0.001078,0.001928,0.001716,0.00444,0.00123,0.0019455,0.00891,0.002203
189982-0-0-36.wav,189982,18.0,22.0,1,10,0,air_conditioner,C:\Users\USER\Desktop\한이음\학습파일\UrbanSound8K\audio\fold10\189982-0-0-36.wav,0,air_conditioner,air_conditioner,0.976,True,0.976,0.001803,0.001041,0.001713,0.001795,0.00345,0.00148,0.001903,0.00824,0.002487
189982-0-0-38.wav,189982,19.0,23.0,1,10,0,air_conditioner,C:\Users\USER\Desktop\한이음\학습파일\UrbanSound8K\audio\fold10\189982-0-0-38.wav,0,air_conditioner,air_conditioner,0.975,True,0.975,0.001754,0.001261,0.001978,0.001849,0.00484,0.001486,0.001712,0.00807,0.002111
189982-0-0-39.wav,189982,19.5,23.5,1,10,0,air_conditioner,C:\Users\USER\Desktop\한이음\학습파일\UrbanSound8K\audio\fold10\189982-0-0-39.wav,0,air_conditioner,air_conditioner,0.9736,True,0.9736,0.001807,0.001264,0.001805,0.0019045,0.00548,0.001168,0.00214,0.0089,0.002136
189982-0-0-4.wav,189982,2.0,6.0,1,10,0,air_conditioner,C:\Users\USER\Desktop\한이음\학습파일\UrbanSound8K\audio\fold10\189982-0-0-4.wav,0,air_conditioner,air_conditioner,0.9736,True,0.9736,0.002338,0.000852,0.0017395,0.005344,0.003096,0.002552,0.0031,0.005478,0.001957
189982-0-0-42.wav,189982,21.0,25.0,1,10,0,air_conditioner,C:\Users\USER\Desktop\한이음\학습파일\UrbanSound8K\audio\fold10\189982-0-0-42.wav,0,air_conditioner,air_conditioner,0.974,True,0.974,0.001897,0.00134,0.002178,0.001966,0.00411,0.001578,0.001899,0.008934,0.002089
189982-0-0-43.wav,189982,21.5,25.5,1,10,0,air_conditioner,C:\Users\USER\Desktop\한이음\학습파일\UrbanSound8K\audio\fold10\189982-0-0-43.wav,0,air_conditioner,air_conditioner,0.9736,True,0.9736,0.00201,0.0014105,0.00238,0.001974,0.00339,0.001787,0.001889,0.00963,0.001735
189982-0-0-44.wav,189982,22.0,26.0,1,10,0,air_conditioner,C:\Users\USER\Desktop\한이음\학습파일\UrbanSound8K\audio\fold10\189982-0-0-44.wav,0,air_conditioner,air_conditioner,0.973,True,0.973,0.001638,0.001144,0.002024,0.001705,0.005093,0.00158,0.002071,0.00978,0.00193
189982-0-0-45.wav,189982,22.5,26.5,1,10,0,air_conditioner,C:\Users\USER\Desktop\한이음\학습파일\UrbanSound8K\audio\fold10\189982-0-0-45.wav,0,air_conditioner,air_conditioner,0.9727,True,0.9727,0.001551,0.0011835,0.001945,0.001703,0.005505,0.001628,0.002028,0.009834,0.001948
189982-0-0-6.wav,189982,3.0,7.0,1,10,0,air_conditioner,C:\Users\USER\Desktop\한이음\학습파일\UrbanSound8K\audio\fold10\189982-0-0-6.wav,0,air_conditioner,air_conditioner,0.9766,True,0.9766,0.002008,0.000835,0.001771,0.003626,0.00341,0.002264,0.001944,0.005688,0.001898
189982-0-0-7.wav,189982,3.5,7.5,1,10,0,air_conditioner,C:\Users\USER\Desktop\한이음\학습파일\UrbanSound8K\audio\fold10\189982-0-0-7.wav,0,air_conditioner,air_conditioner,0.9785,True,0.9785,0.002066,0.000843,0.001764,0.003534,0.002258,0.002266,0.00147,0.005127,0.002047
189985-0-0-0.wav,189985,0.0,4.0,1,10,0,air_conditioner,C:\Users\USER\Desktop\한이음\학습파일\UrbanSound8K\audio\fold10\189985-0-0-0.wav,0,air_conditioner,air_conditioner,0.725,True,0.725,0.0079,0.003698,0.007427,0.04306,0.01923,0.00751,0.05133,0.0059,0.129
189985-0-0-1.wav,189985,0.5,4.5,1,10,0,air_conditioner,C:\Users\USER\Desktop\한이음\학습파일\UrbanSound8K\audio\fold10\189985-0-0-1.wav,0,air_conditioner,air_conditioner,0.9756,True,0.9756,0.001903,0.001116,0.002005,0.001643,0.00427,0.001575,0.001506,0.00752,0.002686
189985-0-0-2.wav,189985,1.0,5.0,1,10,0,air_conditioner,C:\Users\USER\Desktop\한이음\학습파일\UrbanSound8K\audio\fold10\189985-0-0-2.wav,0,air_conditioner,air_conditioner,0.9653,True,0.9653,0.0031,0.001511,0.003063,0.003508,0.005135,0.00242,0.003338,0.00883,0.003658
189985-0-0-3.wav,189985,1.5,5.5,1,10,0,air_conditioner,C:\Users\USER\Desktop\한이음\학습파일\UrbanSound8K\audio\fold10\189985-0-0-3.wav,0,air_conditioner,air_conditioner,0.9707,True,0.9707,0.002527,0.001012,0.002008,0.004814,0.004635,0.002361,0.004128,0.005714,0.002134
189985-0-0-4.wav,189985,2.0,6.0,1,10,0,air_conditioner,C:\Users\USER\Desktop\한이음\학습파일\UrbanSound8K\audio\fold10\189985-0-0-4.wav,0,air_conditioner,air_conditioner,0.9756,True,0.9756,0.00223,0.000889,0.001773,0.003994,0.002806,0.002668,0.002699,0.00537,0.002033
189985-0-0-5.wav,189985,2.5,6.5,1,10,0,air_conditioner,C:\Users\USER\Desktop\한이음\학습파일\UrbanSound8K\audio\fold10\189985-0-0-5.wav,0,air_conditioner,air_conditioner,0.973,True,0.973,0.001789,0.0008287,0.001628,0.00471,0.004726,0.00229,0.002806,0.00647,0.001438
189985-0-0-6.wav,189985,3.0,7.0,1,10,0,air_conditioner,C:\Users\USER\Desktop\한이음\학습파일\UrbanSound8K\audio\fold10\189985-0-0-6.wav,0,air_conditioner,air_conditioner,0.9673,True,0.9673,0.002445,0.000882,0.002354,0.004337,0.00796,0.00287,0.002235,0.006966,0.002493
195063-4-0-0.wav,195063,1.610715,5.610715,1,10,4,drilling,C:\Users\USER\Desktop\한이음\학습파일\UrbanSound8K\audio\fold10\195063-4-0-0.wav,4,drilling,drilling,0.9614,True,0.00817,0.004345,0.004513,0.004578,0.9614,0.004356,0.002584,0.001409,0.004375,0.00402
195063-4-1-0.wav,195063,7.749512,11.749512,1,10,4,drilling,C:\Users\USER\Desktop\한이음\학습파일\UrbanSound8K\audio\fold10\195063-4-1-0.wav,4,drilling,drilling,0.948,True,0.00845,0.007698,0.005787,0.00586,0.948,0.006695,0.003397,0.00182,0.00597,0.00618
196069-2-0-0.wav,196069,0.0,3.148163,1,10,2,children_playing,C:\Users\USER\Desktop\한이음\학습파일\UrbanSound8K\audio\fold10\196069-2-0-0.wav,2,children_playing,children_playing,0.959,True,0.003035,0.005684,0.959,0.003906,0.00482,0.005093,0.004173,0.004066,0.00576,0.00451
196084-2-0-0.wav,196084,0.708236,4.708236,1,10,2,children_playing,C:\Users\USER\Desktop\한이음\학습파일\UrbanSound8K\audio\fold10\196084-2-0-0.wav,2,children_playing,children_playing,0.965,True,0.00428,0.001534,0.965,0.003065,0.003323,0.00243,0.005924,0.001712,0.007202,0.00585
196084-2-0-1.wav,196084,1.208236,5.208235999999999,1,10,2,children_playing,C:\Users\USER\Desktop\한이음\학습파일\UrbanSound8K\audio\fold10\196084-2-0-1.wav,2,children_playing,children_playing,0.97,True,0.001545,0.001736,0.97,0.00268,0.005363,0.002508,0.003416,0.001849,0.00585,0.004887
196084-2-0-2.wav,196084,1.708236,5.708235999999999,1,10,2,children_playing,C:\Users\USER\Desktop\한이음\학습파일\UrbanSound8K\audio\fold10\196084-2-0-2.wav,2,children_playing,children_playing,0.9487,True,0.002651,0.002573,0.9487,0.00858,0.008354,0.002974,0.004677,0.002678,0.01003,0.00872
196086-2-0-0.wav,196086,0.0,1.048434,1,10,2,children_playing,C:\Users\USER\Desktop\한이음\학습파일\UrbanSound8K\audio\fold10\196086-2-0-0.wav,2,children_playing,children_playing,0.9165,True,0.003075,0.007786,0.9165,0.01033,0.04086,0.00392,0.00677,0.001537,0.006237,0.002844
196127-3-0-0.wav,196127,0.0,4.0,1,10,3,dog_bark,C:\Users\USER\Desktop\한이음\학습파일\UrbanSound8K\audio\fold10\196127-3-0-0.wav,3,dog_bark,dog_bark,0.9624,True,0.003363,0.003359,0.002254,0.9624,0.006207,0.003706,0.00627,0.00339,0.004,0.00523
196127-3-0-1.wav,196127,0.5,4.5,1,10,3,dog_bark,C:\Users\USER\Desktop\한이음\학습파일\UrbanSound8K\audio\fold10\196127-3-0-1.wav,3,dog_bark,dog_bark,0.9585,True,0.004185,0.003998,0.0026,0.9585,0.00633,0.004093,0.00657,0.003628,0.004383,0.0058
196127-3-0-3.wav,196127,1.5,5.5,1,10,3,dog_bark,C:\Users\USER\Desktop\한이음\학습파일\UrbanSound8K\audio\fold10\196127-3-0-3.wav,3,dog_bark,dog_bark,0.9585,True,0.003454,0.004,0.00232,0.9585,0.00646,0.003824,0.006985,0.003683,0.004658,0.006104
196127-3-0-4.wav,196127,2.0,6.0,1,10,3,dog_bark,C:\Users\USER\Desktop\한이음\학습파일\UrbanSound8K\audio\fold10\196127-3-0-4.wav,3,dog_bark,dog_bark,0.9604,True,0.003433,0.003765,0.002308,0.9604,0.006557,0.003696,0.007187,0.003067,0.004604,0.005093
197554-2-0-23.wav,197554,22.350495,26.350495,1,10,2,children_playing,C:\Users\USER\Desktop\한이음\학습파일\UrbanSound8K\audio\fold10\197554-2-0-23.wav,2,children_playing,engine_idling,0.4814,False,0.005207,0.01341,0.303,0.0884,0.02306,0.4814,0.0214,0.01027,0.03424,0.01971
197554-2-0-26.wav,197554,23.850495,27.850495,1,10,2,children_playing,C:\Users\USER\Desktop\한이음\학습파일\UrbanSound8K\audio\fold10\197554-2-0-26.wav,2,children_playing,children_playing,0.3896,True,0.010345,0.00627,0.3896,0.06244,0.015495,0.3865,0.0214,0.00787,0.04147,0.05853
197554-2-0-28.wav,197554,24.850495,28.850495,1,10,2,children_playing,C:\Users\USER\Desktop\한이음\학습파일\UrbanSound8K\audio\fold10\197554-2-0-28.wav,2,children_playing,engine_idling,0.6626,False,0.02728,0.005043,0.0504,0.1074,0.008575,0.6626,0.01357,0.007267,0.04514,0.0728
197554-2-0-3.wav,197554,12.350495,16.350495000000002,1,10,2,children_playing,C:\Users\USER\Desktop\한이음\학습파일\UrbanSound8K\audio\fold10\197554-2-0-3.wav,2,children_playing,children_playing,0.553,True,0.002974,0.0108,0.553,0.01504,0.014145,0.3464,0.00917,0.01415,0.012,0.02193
197554-2-0-60.wav,197554,40.850495,44.850495,1,10,2,children_playing,C:\Users\USER\Desktop\한이음\학습파일\UrbanSound8K\audio\fold10\197554-2-0-60.wav,2,children_playing,children_playing,0.771,True,0.00504,0.005077,0.771,0.01048,0.00633,0.1658,0.009056,0.005035,0.00932,0.012726
197554-2-0-69.wav,197554,45.350495,49.350495,1,10,2,children_playing,C:\Users\USER\Desktop\한이음\학습파일\UrbanSound8K\audio\fold10\197554-2-0-69.wav,2,children_playing,children_playing,0.969,True,0.001775,0.002886,0.969,0.005447,0.00503,0.00397,0.002872,0.002474,0.003092,0.003149
197554-2-0-74.wav,197554,47.850495,51.850495,1,10,2,children_playing,C:\Users\USER\Desktop\한이음\학습파일\UrbanSound8K\audio\fold10\197554-2-0-74.wav,2,children_playing,children_playing,0.962,True,0.00192,0.003454,0.962,0.006897,0.005123,0.006596,0.004005,0.00332,0.003653,0.003216
197554-2-0-82.wav,197554,51.850495,55.850495,1,10,2,children_playing,C:\Users\USER\Desktop\한이음\학습파일\UrbanSound8K\audio\fold10\197554-2-0-82.wav,2,children_playing,children_playing,0.9053,True,0.003613,0.00428,0.9053,0.01503,0.00533,0.03726,0.00527,0.004192,0.007965,0.01195
199261-3-0-0.wav,199261,0.211116,4.211116,1,10,3,dog_bark,C:\Users\USER\Desktop\한이음\학습파일\UrbanSound8K\audio\fold10\199261-3-0-0.wav,3,dog_bark,dog_bark,0.963,True,0.004112,0.0039,0.002352,0.963,0.00482,0.00414,0.005196,0.003511,0.00345,0.00552
199261-3-0-1.wav,199261,0.711116,4.711116,1,10,3,dog_bark,C:\Users\USER\Desktop\한이음\학습파일\UrbanSound8K\audio\fold10\199261-3-0-1.wav,3,dog_bark,dog_bark,0.9575,True,0.004616,0.003952,0.002941,0.9575,0.005146,0.00414,0.00693,0.004364,0.004128,0.006474
199261-3-0-2.wav,199261,1.211116,5.2111160000000005,1,10,3,dog_bark,C:\Users\USER\Desktop\한이음\학습파일\UrbanSound8K\audio\fold10\199261-3-0-2.wav,3,dog_bark,dog_bark,0.9575,True,0.00474,0.00389,0.003075,0.9575,0.004517,0.004414,0.006992,0.004383,0.00408,0.00631
199261-3-0-4.wav,199261,2.211116,6.2111160000000005,1,10,3,dog_bark,C:\Users\USER\Desktop\한이음\학습파일\UrbanSound8K\audio\fold10\199261-3-0-4.wav,3,dog_bark,dog_bark,0.9575,True,0.004845,0.004326,0.002674,0.9575,0.004383,0.00543,0.00582,0.00435,0.005478,0.00531
200460-6-0-0.wav,200460,1.282736,3.181186,1,10,6,gun_shot,C:\Users\USER\Desktop\한이음\학습파일\UrbanSound8K\audio\fold10\200460-6-0-0.wav,6,gun_shot,gun_shot,0.955,True,0.00704,0.003838,0.00383,0.00575,0.004894,0.005165,0.955,0.00312,0.00611,0.005413
200460-6-1-0.wav,200460,3.181186,4.987279,1,10,6,gun_shot,C:\Users\USER\Desktop\한이음\학습파일\UrbanSound8K\audio\fold10\200460-6-1-0.wav,6,gun_shot,gun_shot,0.952,True,0.0063,0.004402,0.004288,0.006187,0.00648,0.005863,0.952,0.00323,0.00582,0.005066
200460-6-2-0.wav,200460,4.987279,5.849278,1,10,6,gun_shot,C:\Users\USER\Desktop\한이음\학습파일\UrbanSound8K\audio\fold10\200460-6-2-0.wav,6,gun_shot,gun_shot,0.955,True,0.007153,0.003548,0.003914,0.00537,0.00525,0.004955,0.955,0.00367,0.005745,0.00521
200460-6-3-0.wav,200460,5.849278,7.096097,1,10,6,gun_shot,C:\Users\USER\Desktop\한이음\학습파일\UrbanSound8K\audio\fold10\200460-6-3-0.wav,6,gun_shot,gun_shot,0.954,True,0.00815,0.00405,0.00403,0.004925,0.005684,0.0047,0.954,0.003496,0.005424,0.00524
200460-6-4-0.wav,200460,7.096097,7.952965,1,10,6,gun_shot,C:\Users\USER\Desktop\한이음\학습파일\UrbanSound8K\audio\fold10\200460-6-4-0.wav,6,gun_shot,gun_shot,0.955,True,0.006573,0.003868,0.00409,0.005737,0.005753,0.004856,0.955,0.003563,0.00569,0.00492
200460-6-5-0.wav,200460,7.952965,9.040726,1,10,6,gun_shot,C:\Users\USER\Desktop\한이음\학습파일\UrbanSound8K\audio\fold10\200460-6-5-0.wav,6,gun_shot,gun_shot,0.952,True,0.00744,0.00413,0.00405,0.00569,0.006443,0.005684,0.952,0.003553,0.00554,0.005272
200786-5-0-0.wav,200786,15.109316,19.109316,1,10,5,engine_idling,C:\Users\USER\Desktop\한이음\학습파일\UrbanSound8K\audio\fold10\200786-5-0-0.wav,5,engine_idling,drilling,0.596,False,0.00674,0.00799,0.0081,0.00869,0.596,0.2356,0.01106,0.09973,0.01563,0.01009
200786-5-1-0.wav,200786,110.690351,114.690351,1,10,5,engine_idling,C:\Users\USER\Desktop\한이음\학습파일\UrbanSound8K\audio\fold10\200786-5-1-0.wav,5,engine_idling,engine_idling,0.847,True,0.00381,0.004818,0.0054,0.00682,0.04608,0.847,0.005955,0.0527,0.00637,0.02074
200786-5-1-1.wav,200786,111.190351,115.190351,1,10,5,engine_idling,C:\Users\USER\Desktop\한이음\학습파일\UrbanSound8K\audio\fold10\200786-5-1-1.wav,5,engine_idling,engine_idling,0.576,True,0.007607,0.00912,0.00825,0.009415,0.0733,0.576,0.00893,0.24,0.01011,0.0572
200786-5-1-2.wav,200786,111.690351,115.690351,1,10,5,engine_idling,C:\Users\USER\Desktop\한이음\학습파일\UrbanSound8K\audio\fold10\200786-5-1-2.wav,5,engine_idling,engine_idling,0.6997,True,0.00649,0.011314,0.00752,0.00952,0.0763,0.6997,0.008064,0.0959,0.01002,0.0751
200786-5-1-3.wav,200786,112.190351,116.190351,1,10,5,engine_idling,C:\Users\USER\Desktop\한이음\학습파일\UrbanSound8K\audio\fold10\200786-5-1-3.wav,5,engine_idling,engine_idling,0.826,True,0.005783,0.00746,0.005196,0.00634,0.02698,0.826,0.00654,0.0593,0.006927,0.04932
200786-5-1-4.wav,200786,112.690351,116.690351,1,10,5,engine_idling,C:\Users\USER\Desktop\한이음\학습파일\UrbanSound8K\audio\fold10\200786-5-1-4.wav,5,engine_idling,street_music,0.4324,False,0.01473,0.01532,0.00892,0.018,0.10596,0.2092,0.009796,0.1747,0.011,0.4324
200786-5-1-5.wav,200786,113.190351,117.190351,1,10,5,engine_idling,C:\Users\USER\Desktop\한이음\학습파일\UrbanSound8K\audio\fold10\200786-5-1-5.wav,5,engine_idling,street_music,0.7134,False,0.01031,0.008934,0.006577,0.013535,0.07263,0.1025,0.006077,0.0602,0.006004,0.7134
202334-9-0-105.wav,202334,52.5,56.5,1,10,9,street_music,C:\Users\USER\Desktop\한이음\학습파일\UrbanSound8K\audio\fold10\202334-9-0-105.wav,9,street_music,street_music,0.9624,True,0.003857,0.003408,0.003586,0.00403,0.005108,0.00267,0.006203,0.00439,0.004574,0.9624
202334-9-0-106.wav,202334,53.0,57.0,1,10,9,street_music,C:\Users\USER\Desktop\한이음\학습파일\UrbanSound8K\audio\fold10\202334-9-0-106.wav,9,street_music,street_music,0.965,True,0.003782,0.00257,0.002956,0.003704,0.005993,0.002846,0.005222,0.003733,0.00417,0.965
202334-9-0-137.wav,202334,68.5,72.5,1,10,9,street_music,C:\Users\USER\Desktop\한이음\학습파일\UrbanSound8K\audio\fold10\202334-9-0-137.wav,9,street_music,street_music,0.9683,True,0.003633,0.002913,0.002714,0.00413,0.004498,0.002821,0.004196,0.003033,0.003895,0.9683
202334-9-0-202.wav,202334,101.0,105.0,1,10,9,street_music,C:\Users\USER\Desktop\한이음\학습파일\UrbanSound8K\audio\fold10\202334-9-0-202.wav,9,street_music,street_music,0.9673,True,0.002245,0.003717,0.003225,0.004154,0.00526,0.002134,0.004044,0.004498,0.003582,0.9673
202334-9-0-63.wav,202334,31.5,35.5,1,10,9,street_music,C:\Users\USER\Desktop\한이음\학습파일\UrbanSound8K\audio\fold10\202334-9-0-63.wav,9,street_music,street_music,0.9614,True,0.00447,0.003672,0.003895,0.00339,0.005318,0.00281,0.006187,0.004658,0.004303,0.9614
202334-9-0-88.wav,202334,44.0,48.0,1,10,9,street_music,C:\Users\USER\Desktop\한이음\학습파일\UrbanSound8K\audio\fold10\202334-9-0-88.wav,9,street_music,street_music,0.965,True,0.006973,0.003975,0.001459,0.006416,0.003757,0.001784,0.004143,0.001872,0.004723,0.965
203424-9-0-15.wav,203424,7.5,11.5,1,10,9,street_music,C:\Users\USER\Desktop\한이음\학습파일\UrbanSound8K\audio\fold10\203424-9-0-15.wav,9,street_music,street_music,0.9727,True,0.002888,0.002758,0.002224,0.002901,0.00502,0.002888,0.003695,0.002466,0.00257,0.9727
203424-9-0-18.wav,203424,9.0,13.0,1,10,9,street_music,C:\Users\USER\Desktop\한이음\학습파일\UrbanSound8K\audio\fold10\203424-9-0-18.wav,9,street_music,street_music,0.971,True,0.003,0.002893,0.002636,0.003235,0.004696,0.003283,0.003876,0.002918,0.0024,0.971
203424-9-0-26.wav,203424,13.0,17.0,1,10,9,street_music,C:\Users\USER\Desktop\한이음\학습파일\UrbanSound8K\audio\fold10\203424-9-0-26.wav,9,street_music,street_music,0.976,True,0.001927,0.002287,0.001755,0.002771,0.003574,0.002792,0.003122,0.002895,0.002605,0.976
203424-9-0-34.wav,203424,17.0,21.0,1,10,9,street_music,C:\Users\USER\Desktop\한이음\학습파일\UrbanSound8K\audio\fold10\203424-9-0-34.wav,9,street_music,street_music,0.9727,True,0.002052,0.003464,0.001933,0.003143,0.005096,0.002893,0.003633,0.003199,0.002106,0.9727
203424-9-0-4.wav,203424,2.0,6.0,1,10,9,street_music,C:\Users\USER\Desktop\한이음\학습파일\UrbanSound8K\audio\fold10\203424-9-0-4.wav,9,street_music,street_music,0.985,True,0.0006022,0.001673,0.001232,0.001697,0.002745,0.001497,0.002256,0.001838,0.001448,0.985
203424-9-0-46.wav,203424,23.0,27.0,1,10,9,street_music,C:\Users\USER\Desktop\한이음\학습파일\UrbanSound8K\audio\fold10\203424-9-0-46.wav,9,street_music,street_music,0.9727,True,0.00283,0.002052,0.0016365,0.003544,0.005074,0.002659,0.00388,0.002766,0.002691,0.9727
205013-6-0-0.wav,205013,0.0,1.497188,1,10,6,gun_shot,C:\Users\USER\Desktop\한이음\학습파일\UrbanSound8K\audio\fold10\205013-6-0-0.wav,6,gun_shot,gun_shot,0.9546,True,0.005466,0.0044,0.003199,0.004204,0.01062,0.005775,0.9546,0.003784,0.003643,0.00423
20571-3-0-0.wav,20571,11.239642,14.185956,2,10,3,dog_bark,C:\Users\USER\Desktop\한이음\학습파일\UrbanSound8K\audio\fold10\20571-3-0-0.wav,3,dog_bark,dog_bark,0.92,True,0.0171,0.005856,0.003609,0.92,0.03152,0.002005,0.005146,0.003092,0.00944,0.002443
20571-3-1-0.wav,20571,73.985218,77.985218,2,10,3,dog_bark,C:\Users\USER\Desktop\한이음\학습파일\UrbanSound8K\audio\fold10\20571-3-1-0.wav,3,dog_bark,air_conditioner,0.4,False,0.4,0.0229,0.01602,0.1252,0.3208,0.004402,0.04764,0.009865,0.0415,0.011604
207213-2-0-109.wav,207213,54.5,58.5,2,10,2,children_playing,C:\Users\USER\Desktop\한이음\학습파일\UrbanSound8K\audio\fold10\207213-2-0-109.wav,2,children_playing,children_playing,0.943,True,0.01291,0.00588,0.943,0.0042,0.00639,0.003048,0.00618,0.003782,0.005257,0.0097
207213-2-0-130.wav,207213,65.0,69.0,2,10,2,children_playing,C:\Users\USER\Desktop\한이음\학습파일\UrbanSound8K\audio\fold10\207213-2-0-130.wav,2,children_playing,children_playing,0.953,True,0.00481,0.00328,0.953,0.00429,0.00546,0.003145,0.003647,0.002981,0.002954,0.0164
207213-2-0-134.wav,207213,67.0,71.0,2,10,2,children_playing,C:\Users\USER\Desktop\한이음\학습파일\UrbanSound8K\audio\fold10\207213-2-0-134.wav,2,children_playing,children_playing,0.9355,True,0.00768,0.00408,0.9355,0.005165,0.004036,0.00453,0.004963,0.002,0.0052,0.027
207213-2-0-41.wav,207213,20.5,24.5,2,10,2,children_playing,C:\Users\USER\Desktop\한이음\학습파일\UrbanSound8K\audio\fold10\207213-2-0-41.wav,2,children_playing,children_playing,0.9473,True,0.00901,0.003918,0.9473,0.003033,0.00822,0.004116,0.00396,0.003176,0.00462,0.01268
207213-2-0-52.wav,207213,26.0,30.0,2,10,2,children_playing,C:\Users\USER\Desktop\한이음\학습파일\UrbanSound8K\audio\fold10\207213-2-0-52.wav,2,children_playing,children_playing,0.7817,True,0.007267,0.00894,0.7817,0.007713,0.005695,0.003677,0.011185,0.004936,0.008026,0.161
207213-2-0-73.wav,207213,36.5,40.5,2,10,2,children_playing,C:\Users\USER\Desktop\한이음\학습파일\UrbanSound8K\audio\fold10\207213-2-0-73.wav,2,children_playing,children_playing,0.955,True,0.01237,0.00427,0.955,0.00366,0.004406,0.00266,0.004383,0.002947,0.004833,0.00548
207213-2-0-81.wav,207213,40.5,44.5,2,10,2,children_playing,C:\Users\USER\Desktop\한이음\학습파일\UrbanSound8K\audio\fold10\207213-2-0-81.wav,2,children_playing,children_playing,0.9434,True,0.01251,0.004112,0.9434,0.01285,0.003944,0.002604,0.00524,0.002138,0.005672,0.00779
207213-2-0-85.wav,207213,42.5,46.5,2,10,2,children_playing,C:\Users\USER\Desktop\한이음\학습파일\UrbanSound8K\audio\fold10\207213-2-0-85.wav,2,children_playing,children_playing,0.856,True,0.01578,0.005497,0.856,0.05557,0.005886,0.003279,0.011444,0.004353,0.01049,0.03198
208652-8-0-0.wav,208652,0.0,4.0,2,10,8,siren,C:\Users\USER\Desktop\한이음\학습파일\UrbanSound8K\audio\fold10\208652-8-0-0.wav,8,siren,siren,0.957,True,0.01046,0.00346,0.001318,0.005413,0.00596,0.0035,0.00417,0.00278,0.957,0.005844
208652-8-2-0.wav,208652,10.163433,11.651236,2,10,8,siren,C:\Users\USER\Desktop\한이음\학습파일\UrbanSound8K\audio\fold10\208652-8-2-0.wav,8,siren,siren,0.903,True,0.03522,0.00891,0.0023,0.015465,0.01715,0.002228,0.005795,0.002604,0.903,0.0073
208652-8-4-0.wav,208652,16.713631,18.356011,2,10,8,siren,C:\Users\USER\Desktop\한이음\학습파일\UrbanSound8K\audio\fold10\208652-8-4-0.wav,8,siren,siren,0.9204,True,0.01605,0.01498,0.00208,0.009254,0.0061,0.003725,0.00792,0.005474,0.9204,0.013794
208652-8-6-0.wav,208652,20.771275,22.297723,2,10,8,siren,C:\Users\USER\Desktop\한이음\학습파일\UrbanSound8K\audio\fold10\208652-8-6-0.wav,8,siren,siren,0.9673,True,0.004723,0.00711,0.001115,0.003654,0.00367,0.002493,0.003712,0.003538,0.9673,0.002548
209672-3-0-0.wav,209672,0.735508,2.25906,1,10,3,dog_bark,C:\Users\USER\Desktop\한이음\학습파일\UrbanSound8K\audio\fold10\209672-3-0-0.wav,3,dog_bark,dog_bark,0.9565,True,0.00628,0.005573,0.001937,0.9565,0.006443,0.003412,0.00551,0.00491,0.00493,0.00468
209672-3-3-0.wav,209672,8.458342,9.036241,1,10,3,dog_bark,C:\Users\USER\Desktop\한이음\학습파일\UrbanSound8K\audio\fold10\209672-3-3-0.wav,3,dog_bark,dog_bark,0.965,True,0.00413,0.004463,0.00183,0.965,0.004986,0.00404,0.004025,0.00369,0.00408,0.004063
209672-3-6-0.wav,209672,20.436615,21.172123,1,10,3,dog_bark,C:\Users\USER\Desktop\한이음\학습파일\UrbanSound8K\audio\fold10\209672-3-6-0.wav,3,dog_bark,dog_bark,0.9614,True,0.00502,0.004524,0.001751,0.9614,0.00495,0.004185,0.005005,0.003765,0.00519,0.004055
209672-3-8-0.wav,209672,25.059808,26.110534,1,10,3,dog_bark,C:\Users\USER\Desktop\한이음\학습파일\UrbanSound8K\audio\fold10\209672-3-8-0.wav,3,dog_bark,dog_bark,0.959,True,0.00494,0.00574,0.002392,0.959,0.00498,0.004482,0.005787,0.003702,0.004448,0.004475
22973-3-0-0.wav,22973,0.14222,4.14222,2,10,3,dog_bark,C:\Users\USER\Desktop\한이음\학습파일\UrbanSound8K\audio\fold10\22973-3-0-0.wav,3,dog_bark,dog_bark,0.961,True,0.001814,0.004913,0.007416,0.961,0.005558,0.003052,0.004383,0.002815,0.004803,0.004242
22973-3-0-1.wav,22973,0.64222,4.64222,2,10,3,dog_bark,C:\Users\USER\Desktop\한이음\학습파일\UrbanSound8K\audio\fold10\22973-3-0-1.wav,3,dog_bark,dog_bark,0.939,True,0.00196,0.005093,0.01677,0.939,0.010574,0.004803,0.00544,0.003021,0.00736,0.00605
22973-3-0-2.wav,22973,1.14222,5.14222,2,10,3,dog_bark,C:\Users\USER\Desktop\한이음\학습파일\UrbanSound8K\audio\fold10\22973-3-0-2.wav,3,dog_bark,dog_bark,0.965,True,0.00217,0.003471,0.005295,0.965,0.005978,0.003462,0.00499,0.002441,0.0042,0.003355
23218-5-0-0.wav,23218,1.35891,2.882536,1,10,5,engine_idling,C:\Users\USER\Desktop\한이음\학습파일\UrbanSound8K\audio\fold10\23218-5-0-0.wav,5,engine_idling,engine_idling,0.9556,True,0.00185,0.007565,0.001976,0.00488,0.004353,0.9556,0.004944,0.00834,0.004635,0.00568
24076-1-0-0.wav,24076,37.46937,38.460065,1,10,1,car_horn,C:\Users\USER\Desktop\한이음\학습파일\UrbanSound8K\audio\fold10\24076-1-0-0.wav,1,car_horn,car_horn,0.9565,True,0.005314,0.9565,0.00408,0.00425,0.003674,0.00373,0.0068,0.005764,0.005253,0.004517
24076-1-1-0.wav,24076,38.856344,42.009706,1,10,1,car_horn,C:\Users\USER\Desktop\한이음\학습파일\UrbanSound8K\audio\fold10\24076-1-1-0.wav,1,car_horn,car_horn,0.9546,True,0.004097,0.9546,0.002665,0.004326,0.00462,0.00563,0.007362,0.006744,0.006214,0.003815
25037-6-0-0.wav,25037,0.031984,1.365476,2,10,6,gun_shot,C:\Users\USER\Desktop\한이음\학습파일\UrbanSound8K\audio\fold10\25037-6-0-0.wav,6,gun_shot,gun_shot,0.929,True,0.00888,0.007168,0.002672,0.01842,0.0084,0.002102,0.929,0.00263,0.011375,0.00898
25037-6-1-0.wav,25037,1.377778,2.703889,2,10,6,gun_shot,C:\Users\USER\Desktop\한이음\학습파일\UrbanSound8K\audio\fold10\25037-6-1-0.wav,6,gun_shot,gun_shot,0.9463,True,0.00628,0.004444,0.001423,0.0075,0.00528,0.002682,0.9463,0.002674,0.01636,0.00701
26173-8-0-0.wav,26173,0.0,2.373832,1,10,8,siren,C:\Users\USER\Desktop\한이음\학습파일\UrbanSound8K\audio\fold10\26173-8-0-0.wav,8,siren,siren,0.9434,True,0.00712,0.00622,0.002586,0.00927,0.006363,0.005474,0.00728,0.005917,0.9434,0.00619
26255-3-0-0.wav,26255,0.7081,0.957431,2,10,3,dog_bark,C:\Users\USER\Desktop\한이음\학습파일\UrbanSound8K\audio\fold10\26255-3-0-0.wav,3,dog_bark,dog_bark,0.3696,True,0.01584,0.2632,0.00968,0.3696,0.03445,0.002657,0.1348,0.00821,0.1187,0.0429
26255-3-13-1.wav,26255,110.784129,114.784129,2,10,3,dog_bark,C:\Users\USER\Desktop\한이음\학습파일\UrbanSound8K\audio\fold10\26255-3-13-1.wav,3,dog_bark,dog_bark,0.7744,True,0.03674,0.003618,0.1203,0.7744,0.00784,0.002,0.011734,0.004463,0.02492,0.014
26255-3-6-0.wav,26255,27.82535,28.543424,2,10,3,dog_bark,C:\Users\USER\Desktop\한이음\학습파일\UrbanSound8K\audio\fold10\26255-3-6-0.wav,3,dog_bark,dog_bark,0.9077,True,0.015274,0.001608,0.001808,0.9077,0.006584,0.005177,0.02618,0.00674,0.02423,0.004673
26255-3-8-0.wav,26255,39.66359,40.252012,2,10,3,dog_bark,C:\Users\USER\Desktop\한이음\학습파일\UrbanSound8K\audio\fold10\26255-3-8-0.wav,3,dog_bark,dog_bark,0.9365,True,0.00255,0.003122,0.008965,0.9365,0.00952,0.0007653,0.01293,0.003647,0.02017,0.001929
26344-4-0-0.wav,26344,0.0,2.908546,1,10,4,drilling,C:\Users\USER\Desktop\한이음\학습파일\UrbanSound8K\audio\fold10\26344-4-0-0.wav,4,drilling,drilling,0.9624,True,0.00821,0.00455,0.0027,0.004562,0.9624,0.00404,0.003983,0.001635,0.003464,0.004585
26344-4-1-0.wav,26344,4.685298,7.926725,1,10,4,drilling,C:\Users\USER\Desktop\한이음\학습파일\UrbanSound8K\audio\fold10\26344-4-1-0.wav,4,drilling,drilling,0.9624,True,0.007698,0.00485,0.002836,0.004353,0.9624,0.004276,0.003857,0.001792,0.003717,0.004356
27070-2-0-0.wav,27070,0.0,4.0,2,10,2,children_playing,C:\Users\USER\Desktop\한이음\학습파일\UrbanSound8K\audio\fold10\27070-2-0-0.wav,2,children_playing,children_playing,0.966,True,0.001757,0.003222,0.966,0.001931,0.005398,0.002867,0.002678,0.002256,0.003271,0.01086
27070-2-0-2.wav,27070,1.0,5.0,2,10,2,children_playing,C:\Users\USER\Desktop\한이음\학습파일\UrbanSound8K\audio\fold10\27070-2-0-2.wav,2,children_playing,children_playing,0.9575,True,0.003498,0.005238,0.9575,0.00426,0.00425,0.002934,0.003647,0.002989,0.004818,0.01101
27070-2-0-3.wav,27070,1.5,5.5,2,10,2,children_playing,C:\Users\USER\Desktop\한이음\학습파일\UrbanSound8K\audio\fold10\27070-2-0-3.wav,2,children_playing,children_playing,0.951,True,0.003187,0.00568,0.951,0.003906,0.006626,0.00383,0.004307,0.00342,0.00463,0.01333
27070-2-0-4.wav,27070,2.0,6.0,2,10,2,children_playing,C:\Users\USER\Desktop\한이음\학습파일\UrbanSound8K\audio\fold10\27070-2-0-4.wav,2,children_playing,children_playing,0.969,True,0.001764,0.00372,0.969,0.004055,0.004738,0.00219,0.003216,0.00347,0.004204,0.003622
27070-2-0-5.wav,27070,2.5,6.5,2,10,2,children_playing,C:\Users\USER\Desktop\한이음\학습파일\UrbanSound8K\audio\fold10\27070-2-0-5.wav,2,children_playing,children_playing,0.948,True,0.002901,0.004753,0.948,0.007153,0.00862,0.001465,0.00405,0.003998,0.007504,0.01153
27070-2-0-7.wav,27070,3.5,7.5,2,10,2,children_playing,C:\Users\USER\Desktop\한이음\학습파일\UrbanSound8K\audio\fold10\27070-2-0-7.wav,2,children_playing,children_playing,0.9727,True,0.001612,0.002716,0.9727,0.002682,0.00458,0.002234,0.002584,0.002026,0.002954,0.006126
27070-2-0-8.wav,27070,4.0,8.0,2,10,2,children_playing,C:\Users\USER\Desktop\한이음\학습파일\UrbanSound8K\audio\fold10\27070-2-0-8.wav,2,children_playing,children_playing,0.9663,True,0.002146,0.002748,0.9663,0.00697,0.00581,0.00204,0.002201,0.001729,0.002638,0.007385
28808-1-0-0.wav,28808,0.0,4.0,1,10,1,car_horn,C:\Users\USER\Desktop\한이음\학습파일\UrbanSound8K\audio\fold10\28808-1-0-0.wav,1,car_horn,car_horn,0.956,True,0.004837,0.956,0.004383,0.00461,0.004566,0.005672,0.00517,0.003225,0.004547,0.007175
28808-1-0-1.wav,28808,0.5,4.5,1,10,1,car_horn,C:\Users\USER\Desktop\한이음\학습파일\UrbanSound8K\audio\fold10\28808-1-0-1.wav,1,car_horn,car_horn,0.9556,True,0.00467,0.9556,0.00381,0.004166,0.005013,0.006615,0.005272,0.004,0.005272,0.00551
28808-1-0-10.wav,28808,5.0,9.0,1,10,1,car_horn,C:\Users\USER\Desktop\한이음\학습파일\UrbanSound8K\audio\fold10\28808-1-0-10.wav,1,car_horn,car_horn,0.946,True,0.00602,0.946,0.00436,0.004818,0.005142,0.007317,0.00656,0.004627,0.006615,0.00873
28808-1-0-11.wav,28808,5.5,9.5,1,10,1,car_horn,C:\Users\USER\Desktop\한이음\학습파일\UrbanSound8K\audio\fold10\28808-1-0-11.wav,1,car_horn,car_horn,0.951,True,0.0057,0.951,0.004543,0.004726,0.004204,0.007446,0.005714,0.004047,0.00581,0.00681
28808-1-0-2.wav,28808,1.0,5.0,1,10,1,car_horn,C:\Users\USER\Desktop\한이음\학습파일\UrbanSound8K\audio\fold10\28808-1-0-2.wav,1,car_horn,car_horn,0.9546,True,0.003784,0.9546,0.003504,0.004265,0.00494,0.0076,0.005196,0.003765,0.004284,0.0082
28808-1-0-3.wav,28808,1.5,5.5,1,10,1,car_horn,C:\Users\USER\Desktop\한이음\학습파일\UrbanSound8K\audio\fold10\28808-1-0-3.wav,1,car_horn,car_horn,0.932,True,0.004246,0.932,0.004063,0.003933,0.005493,0.009895,0.00569,0.00401,0.00326,0.02707
28808-1-0-4.wav,28808,2.0,6.0,1,10,1,car_horn,C:\Users\USER\Desktop\한이음\학습파일\UrbanSound8K\audio\fold10\28808-1-0-4.wav,1,car_horn,car_horn,0.934,True,0.00528,0.934,0.004803,0.00409,0.003721,0.01007,0.007656,0.004097,0.005344,0.02109
28808-1-0-5.wav,28808,2.5,6.5,1,10,1,car_horn,C:\Users\USER\Desktop\한이음\학습파일\UrbanSound8K\audio\fold10\28808-1-0-5.wav,1,car_horn,car_horn,0.9395,True,0.00599,0.9395,0.006268,0.004574,0.003677,0.0094,0.007072,0.003836,0.006397,0.013245
28808-1-0-6.wav,28808,3.0,7.0,1,10,1,car_horn,C:\Users\USER\Desktop\한이음\학습파일\UrbanSound8K\audio\fold10\28808-1-0-6.wav,1,car_horn,car_horn,0.9487,True,0.00528,0.9487,0.005245,0.004692,0.00529,0.0079,0.006325,0.003878,0.006214,0.006382
28808-1-0-7.wav,28808,3.5,7.5,1,10,1,car_horn,C:\Users\USER\Desktop\한이음\학습파일\UrbanSound8K\audio\fold10\28808-1-0-7.wav,1,car_horn,car_horn,0.9478,True,0.005035,0.9478,0.0051,0.004765,0.00563,0.00799,0.006065,0.00387,0.006077,0.007706
28808-1-0-8.wav,28808,4.0,8.0,1,10,1,car_horn,C:\Users\USER\Desktop\한이음\학습파일\UrbanSound8K\audio\fold10\28808-1-0-8.wav,1,car_horn,car_horn,0.936,True,0.00512,0.936,0.00526,0.004543,0.00584,0.007687,0.006863,0.00472,0.004795,0.01915
28808-1-0-9.wav,28808,4.5,8.5,1,10,1,car_horn,C:\Users\USER\Desktop\한이음\학습파일\UrbanSound8K\audio\fold10\28808-1-0-9.wav,1,car_horn,car_horn,0.9434,True,0.0059,0.9434,0.0049,0.004635,0.005787,0.00753,0.006763,0.004818,0.005375,0.010994
28808-1-1-0.wav,28808,27.28857,31.28857,2,10,1,car_horn,C:\Users\USER\Desktop\한이음\학습파일\UrbanSound8K\audio\fold10\28808-1-1-0.wav,1,car_horn,car_horn,0.9014,True,0.00456,0.9014,0.00444,0.00581,0.002863,0.00413,0.005943,0.002245,0.005096,0.06335
28808-1-1-1.wav,28808,27.78857,31.78857,2,10,1,car_horn,C:\Users\USER\Desktop\한이음\학습파일\UrbanSound8K\audio\fold10\28808-1-1-1.wav,1,car_horn,car_horn,0.9062,True,0.002996,0.9062,0.004196,0.004578,0.003002,0.00432,0.00679,0.002787,0.005867,0.05942
2937-1-0-0.wav,2937,0.0,0.474663,1,10,1,car_horn,C:\Users\USER\Desktop\한이음\학습파일\UrbanSound8K\audio\fold10\2937-1-0-0.wav,1,car_horn,car_horn,0.9595,True,0.00517,0.9595,0.00296,0.00415,0.005432,0.004612,0.005035,0.0043,0.00527,0.003532
30344-3-0-0.wav,30344,0.391161,4.391161,1,10,3,dog_bark,C:\Users\USER\Desktop\한이음\학습파일\UrbanSound8K\audio\fold10\30344-3-0-0.wav,3,dog_bark,dog_bark,0.95,True,0.0058,0.005863,0.003374,0.95,0.006935,0.004993,0.006584,0.004368,0.00455,0.007126
30344-3-0-1.wav,30344,0.891161,4.891161,1,10,3,dog_bark,C:\Users\USER\Desktop\한이음\학습파일\UrbanSound8K\audio\fold10\30344-3-0-1.wav,3,dog_bark,dog_bark,0.95,True,0.005844,0.0057,0.003197,0.95,0.006958,0.004745,0.006653,0.004375,0.00484,0.007465
30344-3-0-3.wav,30344,1.891161,5.891161,1,10,3,dog_bark,C:\Users\USER\Desktop\한이음\학습파일\UrbanSound8K\audio\fold10\30344-3-0-3.wav,3,dog_bark,dog_bark,0.9453,True,0.006374,0.00596,0.003504,0.9453,0.007004,0.005276,0.007664,0.004868,0.005684,0.00857
30344-3-0-4.wav,30344,2.391161,6.391161,1,10,3,dog_bark,C:\Users\USER\Desktop\한이음\학습파일\UrbanSound8K\audio\fold10\30344-3-0-4.wav,3,dog_bark,dog_bark,0.946,True,0.006176,0.005802,0.003195,0.946,0.006886,0.005585,0.00762,0.005116,0.005344,0.00836
34050-7-0-0.wav,34050,3.131274,6.629274,2,10,7,jackhammer,C:\Users\USER\Desktop\한이음\학습파일\UrbanSound8K\audio\fold10\34050-7-0-0.wav,7,jackhammer,jackhammer,0.954,True,0.003504,0.003502,0.004097,0.00426,0.012215,0.0034,0.006607,0.954,0.004566,0.003986
34050-7-1-0.wav,34050,8.180807,9.563081,2,10,7,jackhammer,C:\Users\USER\Desktop\한이음\학습파일\UrbanSound8K\audio\fold10\34050-7-1-0.wav,7,jackhammer,jackhammer,0.9355,True,0.005947,0.006397,0.004955,0.00682,0.014336,0.002844,0.01129,0.9355,0.006676,0.00501
34050-7-2-0.wav,34050,11.481339,12.920033,2,10,7,jackhammer,C:\Users\USER\Desktop\한이음\학습파일\UrbanSound8K\audio\fold10\34050-7-2-0.wav,7,jackhammer,jackhammer,0.9497,True,0.004528,0.004734,0.004677,0.006004,0.0108,0.002714,0.00786,0.9497,0.004784,0.00415
34050-7-3-0.wav,34050,15.035758,16.925807,2,10,7,jackhammer,C:\Users\USER\Desktop\한이음\학습파일\UrbanSound8K\audio\fold10\34050-7-3-0.wav,7,jackhammer,jackhammer,0.951,True,0.004772,0.004574,0.004498,0.005783,0.01022,0.002497,0.007374,0.951,0.00453,0.00473
34050-7-4-0.wav,34050,19.718565,22.342065,2,10,7,jackhammer,C:\Users\USER\Desktop\한이음\학습파일\UrbanSound8K\audio\fold10\34050-7-4-0.wav,7,jackhammer,jackhammer,0.937,True,0.003222,0.006172,0.006157,0.005325,0.01386,0.003672,0.01279,0.937,0.006306,0.005417
34050-7-5-0.wav,34050,24.457791,26.658146,2,10,7,jackhammer,C:\Users\USER\Desktop\한이음\학습파일\UrbanSound8K\audio\fold10\34050-7-5-0.wav,7,jackhammer,jackhammer,0.94,True,0.00316,0.004173,0.004047,0.003998,0.00932,0.0174,0.00933,0.94,0.003746,0.0047
34050-7-6-0.wav,34050,29.309855,33.309855,2,10,7,jackhammer,C:\Users\USER\Desktop\한이음\학습파일\UrbanSound8K\audio\fold10\34050-7-6-0.wav,7,jackhammer,jackhammer,0.9526,True,0.002153,0.002491,0.003399,0.003113,0.01376,0.0112,0.00502,0.9526,0.00292,0.003471
35628-3-0-0.wav,35628,0.689299,4.689299,1,10,3,dog_bark,C:\Users\USER\Desktop\한이음\학습파일\UrbanSound8K\audio\fold10\35628-3-0-0.wav,3,dog_bark,dog_bark,0.95,True,0.00487,0.0051,0.00322,0.95,0.00696,0.00639,0.006992,0.005436,0.004555,0.006073
39847-5-0-0.wav,39847,0.0,4.0,1,10,5,engine_idling,C:\Users\USER\Desktop\한이음\학습파일\UrbanSound8K\audio\fold10\39847-5-0-0.wav,5,engine_idling,engine_idling,0.92,True,0.005627,0.00712,0.002537,0.00664,0.03073,0.92,0.007683,0.005943,0.0045,0.00908
39847-5-0-1.wav,39847,0.5,4.5,1,10,5,engine_idling,C:\Users\USER\Desktop\한이음\학습파일\UrbanSound8K\audio\fold10\39847-5-0-1.wav,5,engine_idling,engine_idling,0.8975,True,0.004463,0.007626,0.003048,0.0082,0.04822,0.8975,0.00906,0.00846,0.004757,0.008545
39847-5-0-10.wav,39847,5.0,9.0,1,10,5,engine_idling,C:\Users\USER\Desktop\한이음\학습파일\UrbanSound8K\audio\fold10\39847-5-0-10.wav,5,engine_idling,engine_idling,0.9146,True,0.004562,0.006737,0.002756,0.00826,0.03265,0.9146,0.007805,0.009346,0.00459,0.00877
39847-5-0-11.wav,39847,5.5,9.5,1,10,5,engine_idling,C:\Users\USER\Desktop\한이음\학습파일\UrbanSound8K\audio\fold10\39847-5-0-11.wav,5,engine_idling,engine_idling,0.936,True,0.003862,0.005978,0.002815,0.007187,0.01694,0.936,0.00645,0.010315,0.003614,0.006966
39847-5-0-12.wav,39847,6.0,10.0,1,10,5,engine_idling,C:\Users\USER\Desktop\한이음\학습파일\UrbanSound8K\audio\fold10\39847-5-0-12.wav,5,engine_idling,engine_idling,0.9385,True,0.00438,0.00503,0.002266,0.007042,0.0179,0.9385,0.00616,0.00727,0.004116,0.00738
39847-5-0-2.wav,39847,1.0,5.0,1,10,5,engine_idling,C:\Users\USER\Desktop\한이음\학습파일\UrbanSound8K\audio\fold10\39847-5-0-2.wav,5,engine_idling,engine_idling,0.863,True,0.004326,0.00791,0.003265,0.00869,0.0788,0.863,0.009766,0.0096,0.005344,0.00937
39847-5-0-3.wav,39847,1.5,5.5,1,10,5,engine_idling,C:\Users\USER\Desktop\한이음\학습파일\UrbanSound8K\audio\fold10\39847-5-0-3.wav,5,engine_idling,engine_idling,0.8926,True,0.00504,0.007477,0.003044,0.007793,0.05353,0.8926,0.00879,0.00856,0.004787,0.00862
39847-5-0-4.wav,39847,2.0,6.0,1,10,5,engine_idling,C:\Users\USER\Desktop\한이음\학습파일\UrbanSound8K\audio\fold10\39847-5-0-4.wav,5,engine_idling,engine_idling,0.8765,True,0.00721,0.00867,0.003134,0.00909,0.0574,0.8765,0.00979,0.0124,0.005283,0.01052
39847-5-0-5.wav,39847,2.5,6.5,1,10,5,engine_idling,C:\Users\USER\Desktop\한이음\학습파일\UrbanSound8K\audio\fold10\39847-5-0-5.wav,5,engine_idling,engine_idling,0.869,True,0.00749,0.00863,0.003551,0.010216,0.06042,0.869,0.009766,0.01391,0.005764,0.01103
39847-5-0-6.wav,39847,3.0,7.0,1,10,5,engine_idling,C:\Users\USER\Desktop\한이음\학습파일\UrbanSound8K\audio\fold10\39847-5-0-6.wav,5,engine_idling,engine_idling,0.8564,True,0.00827,0.0079,0.003428,0.011246,0.07336,0.8564,0.00937,0.01171,0.00609,0.01233
39847-5-0-7.wav,39847,3.5,7.5,1,10,5,engine_idling,C:\Users\USER\Desktop\한이음\학습파일\UrbanSound8K\audio\fold10\39847-5-0-7.wav,5,engine_idling,engine_idling,0.801,True,0.0061,0.00854,0.004387,0.00836,0.126,0.801,0.010704,0.01874,0.00564,0.01104
39847-5-0-8.wav,39847,4.0,8.0,1,10,5,engine_idling,C:\Users\USER\Desktop\한이음\학습파일\UrbanSound8K\audio\fold10\39847-5-0-8.wav,5,engine_idling,engine_idling,0.9106,True,0.00362,0.00648,0.003489,0.007153,0.0415,0.9106,0.007206,0.0085,0.00384,0.007786
39847-5-0-9.wav,39847,4.5,8.5,1,10,5,engine_idling,C:\Users\USER\Desktop\한이음\학습파일\UrbanSound8K\audio\fold10\39847-5-0-9.wav,5,engine_idling,engine_idling,0.9355,True,0.004246,0.006138,0.002476,0.007904,0.02016,0.9355,0.006817,0.00495,0.00401,0.007675
39847-5-1-0.wav,39847,44.875273,47.679977,1,10,5,engine_idling,C:\Users\USER\Desktop\한이음\학습파일\UrbanSound8K\audio\fold10\39847-5-1-0.wav,5,engine_idling,engine_idling,0.929,True,0.002914,0.00671,0.002516,0.007553,0.01622,0.929,0.00799,0.013885,0.0045,0.00872
41306-3-0-10.wav,41306,5.0,9.0,2,10,3,dog_bark,C:\Users\USER\Desktop\한이음\학습파일\UrbanSound8K\audio\fold10\41306-3-0-10.wav,3,dog_bark,dog_bark,0.967,True,0.004128,0.003654,0.00195,0.967,0.00435,0.00395,0.003786,0.003439,0.003448,0.00457
41306-3-0-13.wav,41306,6.5,10.5,2,10,3,dog_bark,C:\Users\USER\Desktop\한이음\학습파일\UrbanSound8K\audio\fold10\41306-3-0-13.wav,3,dog_bark,dog_bark,0.9634,True,0.003403,0.004715,0.002298,0.9634,0.00598,0.00639,0.003351,0.003439,0.003002,0.004272
41306-3-0-4.wav,41306,2.0,6.0,2,10,3,dog_bark,C:\Users\USER\Desktop\한이음\학습파일\UrbanSound8K\audio\fold10\41306-3-0-4.wav,3,dog_bark,dog_bark,0.968,True,0.002937,0.003574,0.00244,0.968,0.003706,0.00544,0.003132,0.003277,0.002068,0.00554
51024-3-0-16.wav,51024,8.399669,12.399669,2,10,3,dog_bark,C:\Users\USER\Desktop\한이음\학습파일\UrbanSound8K\audio\fold10\51024-3-0-16.wav,3,dog_bark,dog_bark,0.9595,True,0.00402,0.00472,0.002567,0.9595,0.002829,0.00577,0.004852,0.003523,0.003504,0.00866
51024-3-0-2.wav,51024,1.399669,5.399669,2,10,3,dog_bark,C:\Users\USER\Desktop\한이음\학습파일\UrbanSound8K\audio\fold10\51024-3-0-2.wav,3,dog_bark,dog_bark,0.9507,True,0.003687,0.006077,0.002533,0.9507,0.003563,0.005928,0.00649,0.00468,0.003328,0.01295
51024-3-0-23.wav,51024,11.899669,15.899669,2,10,3,dog_bark,C:\Users\USER\Desktop\한이음\학습파일\UrbanSound8K\audio\fold10\51024-3-0-23.wav,3,dog_bark,dog_bark,0.9526,True,0.00361,0.00504,0.002357,0.9526,0.004322,0.005627,0.005657,0.004524,0.004498,0.01152
51024-3-0-3.wav,51024,1.899669,5.899669,2,10,3,dog_bark,C:\Users\USER\Desktop\한이음\학습파일\UrbanSound8K\audio\fold10\51024-3-0-3.wav,3,dog_bark,dog_bark,0.9497,True,0.004105,0.005466,0.002806,0.9497,0.003693,0.006126,0.00647,0.00479,0.003042,0.013916
54086-1-0-0.wav,54086,0.0,1.16194,1,10,1,car_horn,C:\Users\USER\Desktop\한이음\학습파일\UrbanSound8K\audio\fold10\54086-1-0-0.wav,1,car_horn,car_horn,0.9517,True,0.003044,0.9517,0.002754,0.004204,0.00872,0.00594,0.0059,0.003376,0.00788,0.006584
54086-1-1-0.wav,54086,1.524149,2.725537,1,10,1,car_horn,C:\Users\USER\Desktop\한이음\학습파일\UrbanSound8K\audio\fold10\54086-1-1-0.wav,1,car_horn,car_horn,0.953,True,0.002909,0.953,0.002617,0.00417,0.008446,0.00553,0.00668,0.003504,0.006554,0.006645
54086-1-2-0.wav,54086,3.066229,4.353687,1,10,1,car_horn,C:\Users\USER\Desktop\한이음\학습파일\UrbanSound8K\audio\fold10\54086-1-2-0.wav,1,car_horn,car_horn,0.9517,True,0.00277,0.9517,0.002739,0.00426,0.00828,0.006023,0.006355,0.00342,0.007378,0.00693
59513-3-0-0.wav,59513,0.156569,4.156569,1,10,3,dog_bark,C:\Users\USER\Desktop\한이음\학습파일\UrbanSound8K\audio\fold10\59513-3-0-0.wav,3,dog_bark,dog_bark,0.9546,True,0.006065,0.004642,0.002657,0.9546,0.005825,0.00519,0.005337,0.00419,0.004997,0.0066
59513-3-0-1.wav,59513,0.656569,4.656569,1,10,3,dog_bark,C:\Users\USER\Desktop\한이음\학습파일\UrbanSound8K\audio\fold10\59513-3-0-1.wav,3,dog_bark,dog_bark,0.9595,True,0.00551,0.004047,0.002607,0.9595,0.00475,0.00479,0.00541,0.003868,0.004143,0.005405
59513-3-0-3.wav,59513,1.656569,5.656569,1,10,3,dog_bark,C:\Users\USER\Desktop\한이음\학습파일\UrbanSound8K\audio\fold10\59513-3-0-3.wav,3,dog_bark,dog_bark,0.961,True,0.00461,0.003592,0.002832,0.961,0.004696,0.005672,0.005035,0.003494,0.003693,0.00529
59513-3-0-4.wav,59513,2.156569,6.156569,1,10,3,dog_bark,C:\Users\USER\Desktop\한이음\학습파일\UrbanSound8K\audio\fold10\59513-3-0-4.wav,3,dog_bark,dog_bark,0.9614,True,0.00508,0.003456,0.00276,0.9614,0.004585,0.00495,0.00493,0.003445,0.004333,0.005066
66115-1-0-0.wav,66115,16.711448,20.711448,2,10,1,car_horn,C:\Users\USER\Desktop\한이음\학습파일\UrbanSound8K\audio\fold10\66115-1-0-0.wav,1,car_horn,dog_bark,0.6885,False,0.04718,0.1567,0.00851,0.6885,0.00793,0.03696,0.00806,0.00668,0.01788,0.02151
66115-1-0-1.wav,66115,17.211448,21.211448,2,10,1,car_horn,C:\Users\USER\Desktop\한이음\학습파일\UrbanSound8K\audio\fold10\66115-1-0-1.wav,1,car_horn,engine_idling,0.3599,False,0.31,0.168,0.01952,0.03058,0.006794,0.3599,0.01256,0.00958,0.0645,0.01848
69661-3-0-14.wav,69661,7.0,11.0,1,10,3,dog_bark,C:\Users\USER\Desktop\한이음\학습파일\UrbanSound8K\audio\fold10\69661-3-0-14.wav,3,dog_bark,dog_bark,0.9546,True,0.005447,0.004486,0.003271,0.9546,0.006176,0.005074,0.006702,0.003674,0.005234,0.005127
69661-3-0-23.wav,69661,11.5,15.5,1,10,3,dog_bark,C:\Users\USER\Desktop\한이음\학습파일\UrbanSound8K\audio\fold10\69661-3-0-23.wav,3,dog_bark,dog_bark,0.962,True,0.00474,0.00337,0.003008,0.962,0.004684,0.004543,0.005966,0.003326,0.004074,0.00434
69661-3-0-29.wav,69661,14.5,18.5,1,10,3,dog_bark,C:\Users\USER\Desktop\한이음\학습파일\UrbanSound8K\audio\fold10\69661-3-0-29.wav,3,dog_bark,dog_bark,0.9614,True,0.005188,0.003534,0.002932,0.9614,0.00505,0.004204,0.005646,0.003187,0.00444,0.004295
7062-6-0-0.wav,7062,0.978754,2.345351,1,10,6,gun_shot,C:\Users\USER\Desktop\한이음\학습파일\UrbanSound8K\audio\fold10\7062-6-0-0.wav,6,gun_shot,gun_shot,0.953,True,0.005585,0.00398,0.003147,0.00403,0.0078,0.005714,0.953,0.00455,0.006294,0.005844
71312-3-0-1.wav,71312,134.87905,138.87905,2,10,3,dog_bark,C:\Users\USER\Desktop\한이음\학습파일\UrbanSound8K\audio\fold10\71312-3-0-1.wav,3,dog_bark,dog_bark,0.9526,True,0.007133,0.005756,0.003176,0.9526,0.005024,0.006756,0.005974,0.004017,0.003769,0.005543
71312-3-0-2.wav,71312,135.37905,139.37905,2,10,3,dog_bark,C:\Users\USER\Desktop\한이음\학습파일\UrbanSound8K\audio\fold10\71312-3-0-2.wav,3,dog_bark,dog_bark,0.957,True,0.00652,0.00573,0.003742,0.957,0.00468,0.006283,0.005173,0.003042,0.003338,0.00453
71312-3-0-4.wav,71312,136.37905,140.37905,2,10,3,dog_bark,C:\Users\USER\Desktop\한이음\학습파일\UrbanSound8K\audio\fold10\71312-3-0-4.wav,3,dog_bark,dog_bark,0.9565,True,0.0052,0.005802,0.005783,0.9565,0.003649,0.006115,0.0043,0.003332,0.003601,0.005447
71312-3-0-5.wav,71312,136.87905,140.87905,2,10,3,dog_bark,C:\Users\USER\Desktop\한이음\학습파일\UrbanSound8K\audio\fold10\71312-3-0-5.wav,3,dog_bark,dog_bark,0.959,True,0.004826,0.00495,0.00596,0.959,0.003365,0.005775,0.00437,0.002552,0.003298,0.005955
72220-3-0-0.wav,72220,5.444078,8.489071,2,10,3,dog_bark,C:\Users\USER\Desktop\한이음\학습파일\UrbanSound8K\audio\fold10\72220-3-0-0.wav,3,dog_bark,air_conditioner,0.4768,False,0.4768,0.01889,0.0305,0.0799,0.1477,0.05878,0.04306,0.01026,0.1135,0.0206
72220-3-2-2.wav,72220,29.733661,33.733661,2,10,3,dog_bark,C:\Users\USER\Desktop\한이음\학습파일\UrbanSound8K\audio\fold10\72220-3-2-2.wav,3,dog_bark,dog_bark,0.9604,True,0.004684,0.005783,0.003428,0.9604,0.00544,0.004875,0.00582,0.002834,0.003456,0.003273
72220-3-2-3.wav,72220,30.233661,34.233661,2,10,3,dog_bark,C:\Users\USER\Desktop\한이음\학습파일\UrbanSound8K\audio\fold10\72220-3-2-3.wav,3,dog_bark,dog_bark,0.9634,True,0.00419,0.004967,0.003405,0.9634,0.005363,0.004898,0.00478,0.00269,0.003298,0.002981
72220-3-2-4.wav,72220,30.733661,34.733661,2,10,3,dog_bark,C:\Users\USER\Desktop\한이음\학습파일\UrbanSound8K\audio\fold10\72220-3-2-4.wav,3,dog_bark,dog_bark,0.964,True,0.004555,0.00489,0.003489,0.964,0.00517,0.006836,0.003141,0.00222,0.002687,0.003353
72538-3-0-0.wav,72538,2.101978,6.101978,1,10,3,dog_bark,C:\Users\USER\Desktop\한이음\학습파일\UrbanSound8K\audio\fold10\72538-3-0-0.wav,3,dog_bark,dog_bark,0.957,True,0.00435,0.0042,0.00329,0.957,0.005413,0.006203,0.00558,0.00348,0.004593,0.005672
72538-3-0-1.wav,72538,2.601978,6.601978,1,10,3,dog_bark,C:\Users\USER\Desktop\한이음\학습파일\UrbanSound8K\audio\fold10\72538-3-0-1.wav,3,dog_bark,dog_bark,0.957,True,0.004826,0.004375,0.003328,0.957,0.005493,0.006298,0.005455,0.003328,0.00471,0.00495
72538-3-0-3.wav,72538,3.601978,7.601978,1,10,3,dog_bark,C:\Users\USER\Desktop\한이음\학습파일\UrbanSound8K\audio\fold10\72538-3-0-3.wav,3,dog_bark,dog_bark,0.96,True,0.004585,0.003733,0.003265,0.96,0.00482,0.005737,0.00533,0.003056,0.00394,0.005688
72538-3-0-4.wav,72538,4.101978,8.101977999999999,1,10,3,dog_bark,C:\Users\USER\Desktop\한이음\학습파일\UrbanSound8K\audio\fold10\72538-3-0-4.wav,3,dog_bark,dog_bark,0.962,True,0.00425,0.00364,0.00329,0.962,0.0045,0.005432,0.004936,0.002827,0.003975,0.005383
73524-0-0-0.wav,73524,0.0,4.0,1,10,0,air_conditioner,C:\Users\USER\Desktop\한이음\학습파일\UrbanSound8K\audio\fold10\73524-0-0-0.wav,0,air_conditioner,air_conditioner,0.972,True,0.972,0.001879,0.001327,0.001575,0.00846,0.003017,0.002455,0.002373,0.004635,0.002157
73524-0-0-101.wav,73524,50.5,54.5,1,10,0,air_conditioner,C:\Users\USER\Desktop\한이음\학습파일\UrbanSound8K\audio\fold10\73524-0-0-101.wav,0,air_conditioner,air_conditioner,0.9663,True,0.9663,0.003044,0.001784,0.002356,0.008194,0.002218,0.00468,0.001905,0.00619,0.00356
73524-0-0-105.wav,73524,52.5,56.5,1,10,0,air_conditioner,C:\Users\USER\Desktop\한이음\학습파일\UrbanSound8K\audio\fold10\73524-0-0-105.wav,0,air_conditioner,air_conditioner,0.97,True,0.97,0.002743,0.001597,0.002146,0.00758,0.002016,0.004078,0.001845,0.005207,0.00252
73524-0-0-113.wav,73524,56.5,60.5,1,10,0,air_conditioner,C:\Users\USER\Desktop\한이음\학습파일\UrbanSound8K\audio\fold10\73524-0-0-113.wav,0,air_conditioner,air_conditioner,0.9604,True,0.9604,0.003847,0.002274,0.002743,0.00785,0.002636,0.00595,0.002762,0.00729,0.004032
73524-0-0-114.wav,73524,57.0,61.0,1,10,0,air_conditioner,C:\Users\USER\Desktop\한이음\학습파일\UrbanSound8K\audio\fold10\73524-0-0-114.wav,0,air_conditioner,air_conditioner,0.963,True,0.963,0.003473,0.001968,0.002563,0.007526,0.002829,0.00593,0.00248,0.006733,0.003805
73524-0-0-126.wav,73524,63.0,67.0,1,10,0,air_conditioner,C:\Users\USER\Desktop\한이음\학습파일\UrbanSound8K\audio\fold10\73524-0-0-126.wav,0,air_conditioner,air_conditioner,0.966,True,0.966,0.003458,0.001796,0.002483,0.00634,0.002846,0.005062,0.002518,0.006332,0.00356
73524-0-0-127.wav,73524,63.5,67.5,1,10,0,air_conditioner,C:\Users\USER\Desktop\한이음\학습파일\UrbanSound8K\audio\fold10\73524-0-0-127.wav,0,air_conditioner,air_conditioner,0.964,True,0.964,0.003603,0.001837,0.002867,0.00602,0.0031,0.005096,0.003061,0.006752,0.004017
73524-0-0-128.wav,73524,64.0,68.0,1,10,0,air_conditioner,C:\Users\USER\Desktop\한이음\학습파일\UrbanSound8K\audio\fold10\73524-0-0-128.wav,0,air_conditioner,air_conditioner,0.9595,True,0.9595,0.004303,0.002048,0.002647,0.00895,0.002762,0.006405,0.002422,0.00722,0.004005
73524-0-0-133.wav,73524,66.5,70.5,1,10,0,air_conditioner,C:\Users\USER\Desktop\한이음\학습파일\UrbanSound8K\audio\fold10\73524-0-0-133.wav,0,air_conditioner,air_conditioner,0.944,True,0.944,0.005753,0.002602,0.003096,0.01616,0.003252,0.00793,0.002993,0.00936,0.00505
73524-0-0-137.wav,73524,68.5,72.5,1,10,0,air_conditioner,C:\Users\USER\Desktop\한이음\학습파일\UrbanSound8K\audio\fold10\73524-0-0-137.wav,0,air_conditioner,air_conditioner,0.9478,True,0.9478,0.005634,0.002586,0.003223,0.015144,0.00251,0.00746,0.002897,0.008415,0.004604
73524-0-0-2.wav,73524,1.0,5.0,1,10,0,air_conditioner,C:\Users\USER\Desktop\한이음\학습파일\UrbanSound8K\audio\fold10\73524-0-0-2.wav,0,air_conditioner,air_conditioner,0.9673,True,0.9673,0.002022,0.001366,0.002478,0.01257,0.00299,0.002563,0.000894,0.005287,0.00273
73524-0-0-23.wav,73524,11.5,15.5,1,10,0,air_conditioner,C:\Users\USER\Desktop\한이음\학습파일\UrbanSound8K\audio\fold10\73524-0-0-23.wav,0,air_conditioner,air_conditioner,0.879,True,0.879,0.003477,0.003353,0.004417,0.00628,0.0724,0.004837,0.008705,0.01388,0.00391
73524-0-0-30.wav,73524,15.0,19.0,1,10,0,air_conditioner,C:\Users\USER\Desktop\한이음\학습파일\UrbanSound8K\audio\fold10\73524-0-0-30.wav,0,air_conditioner,engine_idling,0.5464,False,0.3784,0.00738,0.0053,0.009705,0.00751,0.5464,0.00956,0.0117,0.01495,0.00887
73524-0-0-31.wav,73524,15.5,19.5,1,10,0,air_conditioner,C:\Users\USER\Desktop\한이음\학습파일\UrbanSound8K\audio\fold10\73524-0-0-31.wav,0,air_conditioner,air_conditioner,0.768,True,0.768,0.00526,0.00445,0.00669,0.007866,0.1621,0.006737,0.01576,0.01653,0.006435
73524-0-0-32.wav,73524,16.0,20.0,1,10,0,air_conditioner,C:\Users\USER\Desktop\한이음\학습파일\UrbanSound8K\audio\fold10\73524-0-0-32.wav,0,air_conditioner,air_conditioner,0.82,True,0.82,0.00456,0.003956,0.006058,0.00667,0.1082,0.006126,0.0202,0.01767,0.006504
73524-0-0-5.wav,73524,2.5,6.5,1,10,0,air_conditioner,C:\Users\USER\Desktop\한이음\학습파일\UrbanSound8K\audio\fold10\73524-0-0-5.wav,0,air_conditioner,air_conditioner,0.96,True,0.96,0.0017,0.001157,0.002941,0.005505,0.002884,0.00216,0.0151,0.004078,0.004673
73524-0-0-52.wav,73524,26.0,30.0,1,10,0,air_conditioner,C:\Users\USER\Desktop\한이음\학습파일\UrbanSound8K\audio\fold10\73524-0-0-52.wav,0,air_conditioner,engine_idling,0.7505,False,0.0973,0.00401,0.002853,0.00862,0.08093,0.7505,0.01415,0.009125,0.02711,0.00535
73524-0-0-54.wav,73524,27.0,31.0,1,10,0,air_conditioner,C:\Users\USER\Desktop\한이음\학습파일\UrbanSound8K\audio\fold10\73524-0-0-54.wav,0,air_conditioner,drilling,0.84,False,0.1164,0.0077,0.006687,0.003353,0.84,0.00478,0.006256,0.002222,0.00839,0.004257
73524-0-0-6.wav,73524,3.0,7.0,1,10,0,air_conditioner,C:\Users\USER\Desktop\한이음\학습파일\UrbanSound8K\audio\fold10\73524-0-0-6.wav,0,air_conditioner,air_conditioner,0.963,True,0.963,0.001501,0.001384,0.001941,0.004814,0.00759,0.002462,0.007603,0.007126,0.002626
73524-0-0-63.wav,73524,31.5,35.5,1,10,0,air_conditioner,C:\Users\USER\Desktop\한이음\학습파일\UrbanSound8K\audio\fold10\73524-0-0-63.wav,0,air_conditioner,air_conditioner,0.9565,True,0.9565,0.002775,0.002369,0.002779,0.01328,0.00532,0.003767,0.002619,0.008415,0.002295
73524-0-0-73.wav,73524,36.5,40.5,1,10,0,air_conditioner,C:\Users\USER\Desktop\한이음\학습파일\UrbanSound8K\audio\fold10\73524-0-0-73.wav,0,air_conditioner,air_conditioner,0.9707,True,0.9707,0.001939,0.00202,0.001752,0.00972,0.002224,0.002422,0.001946,0.00525,0.001907
73524-0-0-74.wav,73524,37.0,41.0,1,10,0,air_conditioner,C:\Users\USER\Desktop\한이음\학습파일\UrbanSound8K\audio\fold10\73524-0-0-74.wav,0,air_conditioner,air_conditioner,0.9707,True,0.9707,0.002316,0.00195,0.00206,0.006863,0.002611,0.003195,0.002209,0.00532,0.00275
73524-0-0-8.wav,73524,4.0,8.0,1,10,0,air_conditioner,C:\Users\USER\Desktop\한이음\학습파일\UrbanSound8K\audio\fold10\73524-0-0-8.wav,0,air_conditioner,engine_idling,0.4705,False,0.4143,0.006214,0.00701,0.00984,0.00919,0.4705,0.009125,0.02312,0.03992,0.010765
73524-0-0-92.wav,73524,46.0,50.0,1,10,0,air_conditioner,C:\Users\USER\Desktop\한이음\학습파일\UrbanSound8K\audio\fold10\73524-0-0-92.wav,0,air_conditioner,air_conditioner,0.973,True,0.973,0.002121,0.001549,0.001668,0.007385,0.001556,0.003233,0.00141,0.00539,0.002407
73524-0-0-98.wav,73524,49.0,53.0,1,10,0,air_conditioner,C:\Users\USER\Desktop\한이음\학습파일\UrbanSound8K\audio\fold10\73524-0-0-98.wav,0,air_conditioner,air_conditioner,0.9663,True,0.9663,0.003265,0.001596,0.00216,0.00886,0.002108,0.004646,0.001667,0.00635,0.003242
73524-0-0-99.wav,73524,49.5,53.5,1,10,0,air_conditioner,C:\Users\USER\Desktop\한이음\학습파일\UrbanSound8K\audio\fold10\73524-0-0-99.wav,0,air_conditioner,air_conditioner,0.964,True,0.964,0.003069,0.001607,0.002266,0.01006,0.002304,0.004646,0.001574,0.007126,0.003342
74364-8-1-0.wav,74364,139.03796,143.03796,2,10,8,siren,C:\Users\USER\Desktop\한이음\학습파일\UrbanSound8K\audio\fold10\74364-8-1-0.wav,8,siren,dog_bark,0.978,False,0.001829,0.00116,0.001439,0.978,0.00247,0.0006065,0.002022,0.002016,0.003748,0.00648
74364-8-1-1.wav,74364,139.53796,143.53796,2,10,8,siren,C:\Users\USER\Desktop\한이음\학습파일\UrbanSound8K\audio\fold10\74364-8-1-1.wav,8,siren,dog_bark,0.873,False,0.01171,0.005,0.00839,0.873,0.01134,0.000929,0.00347,0.00157,0.01591,0.06854
74364-8-1-10.wav,74364,144.03796,148.03796,2,10,8,siren,C:\Users\USER\Desktop\한이음\학습파일\UrbanSound8K\audio\fold10\74364-8-1-10.wav,8,siren,dog_bark,0.6787,False,0.035,0.005596,0.0191,0.6787,0.01968,0.001211,0.01309,0.006607,0.1642,0.057
74364-8-1-11.wav,74364,144.53796,148.53796,2,10,8,siren,C:\Users\USER\Desktop\한이음\학습파일\UrbanSound8K\audio\fold10\74364-8-1-11.wav,8,siren,dog_bark,0.969,False,0.002165,0.002256,0.003601,0.969,0.004333,0.0004861,0.002077,0.001184,0.00917,0.00543
74364-8-1-12.wav,74364,145.03796,149.03796,2,10,8,siren,C:\Users\USER\Desktop\한이음\학습파일\UrbanSound8K\audio\fold10\74364-8-1-12.wav,8,siren,dog_bark,0.952,False,0.00173,0.003843,0.0042,0.952,0.00448,0.001244,0.002243,0.00169,0.02242,0.005943
74364-8-1-13.wav,74364,145.53796,149.53796,2,10,8,siren,C:\Users\USER\Desktop\한이음\학습파일\UrbanSound8K\audio\fold10\74364-8-1-13.wav,8,siren,dog_bark,0.6885,False,0.006252,0.02379,0.01324,0.6885,0.00664,0.003036,0.006687,0.003551,0.2302,0.01787
74364-8-1-14.wav,74364,146.03796,150.03796,2,10,8,siren,C:\Users\USER\Desktop\한이음\학습파일\UrbanSound8K\audio\fold10\74364-8-1-14.wav,8,siren,dog_bark,0.4712,False,0.2393,0.01514,0.01161,0.4712,0.02303,0.002562,0.0148,0.00438,0.1625,0.05545
74364-8-1-15.wav,74364,146.53796,150.53796,2,10,8,siren,C:\Users\USER\Desktop\한이음\학습파일\UrbanSound8K\audio\fold10\74364-8-1-15.wav,8,siren,siren,0.401,True,0.2257,0.02274,0.00903,0.2744,0.01575,0.002836,0.01295,0.00407,0.401,0.03165
74364-8-1-16.wav,74364,147.03796,151.03796,2,10,8,siren,C:\Users\USER\Desktop\한이음\학습파일\UrbanSound8K\audio\fold10\74364-8-1-16.wav,8,siren,siren,0.935,True,0.01276,0.006805,0.002329,0.0208,0.004124,0.001775,0.003183,0.002428,0.935,0.010956
74364-8-1-17.wav,74364,147.53796,151.53796,2,10,8,siren,C:\Users\USER\Desktop\한이음\학습파일\UrbanSound8K\audio\fold10\74364-8-1-17.wav,8,siren,siren,0.7246,True,0.09906,0.012085,0.00507,0.05765,0.012146,0.001776,0.007652,0.003534,0.7246,0.07623
74364-8-1-18.wav,74364,148.03796,152.03796,2,10,8,siren,C:\Users\USER\Desktop\한이음\학습파일\UrbanSound8K\audio\fold10\74364-8-1-18.wav,8,siren,street_music,0.355,False,0.11237,0.0323,0.007004,0.1354,0.02795,0.002592,0.0148,0.005836,0.3066,0.355
74364-8-1-19.wav,74364,148.53796,152.53796,2,10,8,siren,C:\Users\USER\Desktop\한이음\학습파일\UrbanSound8K\audio\fold10\74364-8-1-19.wav,8,siren,air_conditioner,0.4392,False,0.4392,0.02147,0.004295,0.2551,0.0335,0.002705,0.014915,0.003199,0.1753,0.0503
74364-8-1-2.wav,74364,140.03796,144.03796,2,10,8,siren,C:\Users\USER\Desktop\한이음\학습파일\UrbanSound8K\audio\fold10\74364-8-1-2.wav,8,siren,dog_bark,0.9517,False,0.00889,0.002375,0.003527,0.9517,0.00812,0.0008345,0.003428,0.000903,0.005806,0.01463
74364-8-1-20.wav,74364,149.03796,153.03796,2,10,8,siren,C:\Users\USER\Desktop\한이음\학습파일\UrbanSound8K\audio\fold10\74364-8-1-20.wav,8,siren,air_conditioner,0.5957,False,0.5957,0.007496,0.005966,0.279,0.02382,0.001914,0.011826,0.00234,0.04453,0.02742
74364-8-1-21.wav,74364,149.53796,153.53796,2,10,8,siren,C:\Users\USER\Desktop\한이음\학습파일\UrbanSound8K\audio\fold10\74364-8-1-21.wav,8,siren,air_conditioner,0.8716,False,0.8716,0.0085,0.00303,0.06018,0.00789,0.001375,0.007122,0.001516,0.02065,0.0184
74364-8-1-22.wav,74364,150.03796,154.03796,2,10,8,siren,C:\Users\USER\Desktop\한이음\학습파일\UrbanSound8K\audio\fold10\74364-8-1-22.wav,8,siren,air_conditioner,0.764,False,0.764,0.00963,0.004433,0.1365,0.01213,0.001768,0.00909,0.001927,0.03494,0.02567
74364-8-1-23.wav,74364,150.53796,154.53796,2,10,8,siren,C:\Users\USER\Desktop\한이음\학습파일\UrbanSound8K\audio\fold10\74364-8-1-23.wav,8,siren,air_conditioner,0.8223,False,0.8223,0.0068,0.005405,0.09314,0.01222,0.001191,0.00618,0.002636,0.02779,0.02231
74364-8-1-24.wav,74364,151.03796,155.03796,2,10,8,siren,C:\Users\USER\Desktop\한이음\학습파일\UrbanSound8K\audio\fold10\74364-8-1-24.wav,8,siren,dog_bark,0.4763,False,0.2795,0.01243,0.0768,0.4763,0.01493,0.004353,0.012344,0.00642,0.03253,0.0844
74364-8-1-25.wav,74364,151.53796,155.53796,2,10,8,siren,C:\Users\USER\Desktop\한이음\학습파일\UrbanSound8K\audio\fold10\74364-8-1-25.wav,8,siren,dog_bark,0.9424,False,0.014084,0.00437,0.004265,0.9424,0.003626,0.0009274,0.005043,0.001251,0.01382,0.01023
74364-8-1-26.wav,74364,152.03796,156.03796,2,10,8,siren,C:\Users\USER\Desktop\한이음\학습파일\UrbanSound8K\audio\fold10\74364-8-1-26.wav,8,siren,dog_bark,0.9556,False,0.005634,0.004898,0.004047,0.9556,0.003778,0.0007424,0.003502,0.001698,0.014755,0.00541
74364-8-1-27.wav,74364,152.53796,156.53796,2,10,8,siren,C:\Users\USER\Desktop\한이음\학습파일\UrbanSound8K\audio\fold10\74364-8-1-27.wav,8,siren,dog_bark,0.9062,False,0.00745,0.00901,0.004887,0.9062,0.005466,0.001318,0.004074,0.002563,0.0518,0.00722
74364-8-1-3.wav,74364,140.53796,144.53796,2,10,8,siren,C:\Users\USER\Desktop\한이음\학습파일\UrbanSound8K\audio\fold10\74364-8-1-3.wav,8,siren,dog_bark,0.961,False,0.01513,0.001664,0.001924,0.961,0.001859,0.0004036,0.00334,0.001249,0.00859,0.00494
74364-8-1-4.wav,74364,141.03796,145.03796,2,10,8,siren,C:\Users\USER\Desktop\한이음\학습파일\UrbanSound8K\audio\fold10\74364-8-1-4.wav,8,siren,air_conditioner,0.639,False,0.639,0.00785,0.00908,0.1849,0.007412,0.002287,0.00829,0.00278,0.1249,0.01345
74364-8-1-5.wav,74364,141.53796,145.53796,2,10,8,siren,C:\Users\USER\Desktop\한이음\학습파일\UrbanSound8K\audio\fold10\74364-8-1-5.wav,8,siren,dog_bark,0.8477,False,0.057,0.004543,0.003036,0.8477,0.01214,0.001688,0.004875,0.001762,0.04004,0.02727
74364-8-1-6.wav,74364,142.03796,146.03796,2,10,8,siren,C:\Users\USER\Desktop\한이음\학습파일\UrbanSound8K\audio\fold10\74364-8-1-6.wav,8,siren,siren,0.885,True,0.01454,0.00527,0.002237,0.0631,0.00859,0.00186,0.002398,0.001876,0.885,0.015175
74364-8-1-7.wav,74364,142.53796,146.53796,2,10,8,siren,C:\Users\USER\Desktop\한이음\학습파일\UrbanSound8K\audio\fold10\74364-8-1-7.wav,8,siren,siren,0.7666,True,0.014336,0.007156,0.005913,0.1426,0.004974,0.001654,0.003319,0.006214,0.7666,0.04745
74364-8-1-8.wav,74364,143.03796,147.03796,2,10,8,siren,C:\Users\USER\Desktop\한이음\학습파일\UrbanSound8K\audio\fold10\74364-8-1-8.wav,8,siren,dog_bark,0.684,False,0.01714,0.01016,0.05734,0.684,0.00696,0.001848,0.00845,0.00964,0.1382,0.06604
74364-8-1-9.wav,74364,143.53796,147.53796,2,10,8,siren,C:\Users\USER\Desktop\한이음\학습파일\UrbanSound8K\audio\fold10\74364-8-1-9.wav,8,siren,dog_bark,0.777,False,0.01952,0.007065,0.01128,0.777,0.0093,0.0008597,0.00857,0.00647,0.11597,0.044
74922-4-0-0.wav,74922,0.0,4.0,1,10,4,drilling,C:\Users\USER\Desktop\한이음\학습파일\UrbanSound8K\audio\fold10\74922-4-0-0.wav,4,drilling,drilling,0.9517,True,0.005527,0.004753,0.006615,0.003706,0.9517,0.00614,0.00617,0.003498,0.003277,0.00842
74922-4-0-1.wav,74922,0.5,4.5,1,10,4,drilling,C:\Users\USER\Desktop\한이음\학습파일\UrbanSound8K\audio\fold10\74922-4-0-1.wav,4,drilling,drilling,0.9546,True,0.00814,0.004898,0.003475,0.00466,0.9546,0.005577,0.00663,0.002813,0.004524,0.004524
74922-4-0-2.wav,74922,1.0,5.0,1,10,4,drilling,C:\Users\USER\Desktop\한이음\학습파일\UrbanSound8K\audio\fold10\74922-4-0-2.wav,4,drilling,drilling,0.958,True,0.009026,0.005306,0.00322,0.003572,0.958,0.003698,0.006165,0.003084,0.003828,0.00424
74922-4-0-3.wav,74922,1.5,5.5,1,10,4,drilling,C:\Users\USER\Desktop\한이음\학습파일\UrbanSound8K\audio\fold10\74922-4-0-3.wav,4,drilling,drilling,0.96,True,0.00796,0.004337,0.002964,0.003744,0.96,0.003666,0.006546,0.00309,0.003666,0.004177
74922-4-0-4.wav,74922,2.0,6.0,1,10,4,drilling,C:\Users\USER\Desktop\한이음\학습파일\UrbanSound8K\audio\fold10\74922-4-0-4.wav,4,drilling,drilling,0.953,True,0.00964,0.00509,0.003765,0.004425,0.953,0.00486,0.007168,0.00297,0.004444,0.0046
74922-4-0-5.wav,74922,2.5,6.5,1,10,4,drilling,C:\Users\USER\Desktop\한이음\학습파일\UrbanSound8K\audio\fold10\74922-4-0-5.wav,4,drilling,drilling,0.942,True,0.00937,0.0074,0.005173,0.00608,0.942,0.005642,0.007015,0.00178,0.00764,0.008194
74922-4-0-6.wav,74922,3.0,7.0,1,10,4,drilling,C:\Users\USER\Desktop\한이음\학습파일\UrbanSound8K\audio\fold10\74922-4-0-6.wav,4,drilling,drilling,0.9473,True,0.00789,0.006805,0.004898,0.00484,0.9473,0.004303,0.00622,0.002094,0.006805,0.00868
74922-4-0-7.wav,74922,3.5,7.5,1,10,4,drilling,C:\Users\USER\Desktop\한이음\학습파일\UrbanSound8K\audio\fold10\74922-4-0-7.wav,4,drilling,drilling,0.9443,True,0.00661,0.00859,0.00486,0.00448,0.9443,0.005512,0.005745,0.002192,0.00798,0.00976
77901-9-0-0.wav,77901,0.0,4.0,1,10,9,street_music,C:\Users\USER\Desktop\한이음\학습파일\UrbanSound8K\audio\fold10\77901-9-0-0.wav,9,street_music,street_music,0.977,True,0.00449,0.002258,0.001647,0.00308,0.00198,0.00232,0.00366,0.0016575,0.001934,0.977
77901-9-0-1.wav,77901,0.5,4.5,1,10,9,street_music,C:\Users\USER\Desktop\한이음\학습파일\UrbanSound8K\audio\fold10\77901-9-0-1.wav,9,street_music,street_music,0.9307,True,0.02637,0.00635,0.001925,0.00652,0.003094,0.00753,0.008026,0.005215,0.00446,0.9307
77901-9-0-2.wav,77901,1.0,5.0,1,10,9,street_music,C:\Users\USER\Desktop\한이음\학습파일\UrbanSound8K\audio\fold10\77901-9-0-2.wav,9,street_music,street_music,0.923,True,0.02829,0.006706,0.00218,0.00835,0.00399,0.007492,0.01003,0.00548,0.004803,0.923
77901-9-0-3.wav,77901,1.5,5.5,1,10,9,street_music,C:\Users\USER\Desktop\한이음\학습파일\UrbanSound8K\audio\fold10\77901-9-0-3.wav,9,street_music,street_music,0.9507,True,0.01563,0.004253,0.001214,0.006187,0.003222,0.003706,0.007175,0.00526,0.00274,0.9507
77901-9-0-4.wav,77901,2.0,6.0,1,10,9,street_music,C:\Users\USER\Desktop\한이음\학습파일\UrbanSound8K\audio\fold10\77901-9-0-4.wav,9,street_music,street_music,0.936,True,0.02872,0.005585,0.001169,0.006046,0.002745,0.003864,0.00986,0.003458,0.002583,0.936
77901-9-0-6.wav,77901,3.0,7.0,1,10,9,street_music,C:\Users\USER\Desktop\한이음\학습파일\UrbanSound8K\audio\fold10\77901-9-0-6.wav,9,street_music,street_music,0.837,True,0.1019,0.007713,0.002413,0.012825,0.004852,0.005142,0.01704,0.00508,0.006317,0.837
77901-9-0-7.wav,77901,3.5,7.5,1,10,9,street_music,C:\Users\USER\Desktop\한이음\학습파일\UrbanSound8K\audio\fold10\77901-9-0-7.wav,9,street_music,street_music,0.966,True,0.01267,0.002165,0.001222,0.003637,0.004253,0.001777,0.00511,0.001325,0.002247,0.966
77927-3-0-0.wav,77927,29.236982,33.236982,2,10,3,dog_bark,C:\Users\USER\Desktop\한이음\학습파일\UrbanSound8K\audio\fold10\77927-3-0-0.wav,3,dog_bark,dog_bark,0.7964,True,0.006844,0.00838,0.007835,0.7964,0.007996,0.007298,0.009575,0.008644,0.006134,0.1409
77927-3-0-1.wav,77927,29.736982,33.736982,2,10,3,dog_bark,C:\Users\USER\Desktop\한이음\학습파일\UrbanSound8K\audio\fold10\77927-3-0-1.wav,3,dog_bark,dog_bark,0.792,True,0.006413,0.00921,0.00805,0.792,0.00967,0.00876,0.009476,0.00906,0.006916,0.1403
77927-3-0-2.wav,77927,30.236982,34.236982,2,10,3,dog_bark,C:\Users\USER\Desktop\한이음\학습파일\UrbanSound8K\audio\fold10\77927-3-0-2.wav,3,dog_bark,dog_bark,0.4934,True,0.006966,0.010574,0.01102,0.4934,0.01428,0.009926,0.0123,0.01344,0.00919,0.4187
77927-3-1-1.wav,77927,54.166984,58.166984,2,10,3,dog_bark,C:\Users\USER\Desktop\한이음\학습파일\UrbanSound8K\audio\fold10\77927-3-1-1.wav,3,dog_bark,street_music,0.98,False,0.002956,0.00161,0.002573,0.002542,0.002363,0.001762,0.00208,0.002518,0.001647,0.98
7913-3-0-0.wav,7913,0.273776,1.271101,1,10,3,dog_bark,C:\Users\USER\Desktop\한이음\학습파일\UrbanSound8K\audio\fold10\7913-3-0-0.wav,3,dog_bark,dog_bark,0.9517,True,0.005978,0.006493,0.00238,0.9517,0.007366,0.004093,0.006138,0.005806,0.00487,0.004982
7913-3-1-0.wav,7913,2.359684,3.115826,1,10,3,dog_bark,C:\Users\USER\Desktop\한이음\학습파일\UrbanSound8K\audio\fold10\7913-3-1-0.wav,3,dog_bark,dog_bark,0.957,True,0.00484,0.005375,0.001929,0.957,0.005688,0.004837,0.005608,0.005424,0.00462,0.004467
7913-3-2-0.wav,7913,5.540695,6.32943,1,10,3,dog_bark,C:\Users\USER\Desktop\한이음\학습파일\UrbanSound8K\audio\fold10\7913-3-2-0.wav,3,dog_bark,dog_bark,0.9565,True,0.00534,0.00539,0.002214,0.9565,0.00519,0.004784,0.005577,0.00534,0.004852,0.004913
7913-3-3-0.wav,7913,7.00735,7.704826,1,10,3,dog_bark,C:\Users\USER\Desktop\한이음\학습파일\UrbanSound8K\audio\fold10\7913-3-3-0.wav,3,dog_bark,dog_bark,0.959,True,0.005405,0.00548,0.001919,0.959,0.0052,0.0043,0.005066,0.004917,0.004246,0.00459
7965-3-11-0.wav,7965,95.717477,97.067061,1,10,3,dog_bark,C:\Users\USER\Desktop\한이음\학습파일\UrbanSound8K\audio\fold10\7965-3-11-0.wav,3,dog_bark,dog_bark,0.96,True,0.00572,0.00524,0.001947,0.96,0.005066,0.004875,0.00477,0.00429,0.00398,0.004223
7965-3-16-0.wav,7965,108.954389,110.833354,2,10,3,dog_bark,C:\Users\USER\Desktop\한이음\학습파일\UrbanSound8K\audio\fold10\7965-3-16-0.wav,3,dog_bark,dog_bark,0.962,True,0.00907,0.004448,0.002073,0.962,0.003878,0.006153,0.003017,0.004677,0.002787,0.002218
7965-3-22-0.wav,7965,172.244126,175.170082,2,10,3,dog_bark,C:\Users\USER\Desktop\한이음\학습파일\UrbanSound8K\audio\fold10\7965-3-22-0.wav,3,dog_bark,air_conditioner,0.9365,False,0.9365,0.002424,0.001598,0.0169,0.01355,0.01174,0.002592,0.005413,0.006195,0.002953
7965-3-3-0.wav,7965,44.110933,45.299666,2,10,3,dog_bark,C:\Users\USER\Desktop\한이음\학습파일\UrbanSound8K\audio\fold10\7965-3-3-0.wav,3,dog_bark,dog_bark,0.95,True,0.00388,0.006195,0.002928,0.95,0.007004,0.01625,0.002895,0.005554,0.003212,0.001972
81791-3-0-0.wav,81791,44.484434,48.484434,2,10,3,dog_bark,C:\Users\USER\Desktop\한이음\학습파일\UrbanSound8K\audio\fold10\81791-3-0-0.wav,3,dog_bark,dog_bark,0.9585,True,0.006256,0.004543,0.003078,0.9585,0.00411,0.00698,0.004597,0.003786,0.003822,0.004177
81791-3-0-1.wav,81791,44.984434,48.984434,2,10,3,dog_bark,C:\Users\USER\Desktop\한이음\학습파일\UrbanSound8K\audio\fold10\81791-3-0-1.wav,3,dog_bark,dog_bark,0.96,True,0.004868,0.004227,0.002481,0.96,0.00398,0.008224,0.004463,0.00393,0.003399,0.00457
81791-3-1-0.wav,81791,55.805323,57.137192,2,10,3,dog_bark,C:\Users\USER\Desktop\한이음\학습파일\UrbanSound8K\audio\fold10\81791-3-1-0.wav,3,dog_bark,dog_bark,0.967,True,0.003323,0.004765,0.00212,0.967,0.00412,0.00427,0.004612,0.003422,0.003773,0.002905
83191-9-0-0.wav,83191,0.0,4.0,2,10,9,street_music,C:\Users\USER\Desktop\한이음\학습파일\UrbanSound8K\audio\fold10\83191-9-0-0.wav,9,street_music,street_music,0.9556,True,0.002909,0.004036,0.00542,0.00748,0.006596,0.00441,0.00436,0.003185,0.005985,0.9556
83191-9-0-11.wav,83191,5.5,9.5,2,10,9,street_music,C:\Users\USER\Desktop\한이음\학습파일\UrbanSound8K\audio\fold10\83191-9-0-11.wav,9,street_music,street_music,0.976,True,0.002556,0.002598,0.003107,0.00398,0.00205,0.002932,0.003147,0.001731,0.001897,0.976
83191-9-0-13.wav,83191,6.5,10.5,2,10,9,street_music,C:\Users\USER\Desktop\한이음\학습파일\UrbanSound8K\audio\fold10\83191-9-0-13.wav,9,street_music,street_music,0.9683,True,0.003105,0.004566,0.001544,0.004066,0.005966,0.002588,0.004093,0.001869,0.003714,0.9683
83191-9-0-17.wav,83191,8.5,12.5,2,10,9,street_music,C:\Users\USER\Desktop\한이음\학습파일\UrbanSound8K\audio\fold10\83191-9-0-17.wav,9,street_music,street_music,0.7275,True,0.01712,0.0046,0.1538,0.007675,0.03986,0.01337,0.013176,0.00406,0.0188,0.7275
83191-9-0-4.wav,83191,2.0,6.0,2,10,9,street_music,C:\Users\USER\Desktop\한이음\학습파일\UrbanSound8K\audio\fold10\83191-9-0-4.wav,9,street_music,street_music,0.9565,True,0.004765,0.00411,0.003736,0.00604,0.00733,0.00546,0.005547,0.002178,0.004276,0.9565
83191-9-0-6.wav,83191,3.0,7.0,2,10,9,street_music,C:\Users\USER\Desktop\한이음\학습파일\UrbanSound8K\audio\fold10\83191-9-0-6.wav,9,street_music,street_music,0.969,True,0.006344,0.001891,0.002264,0.004726,0.004005,0.00359,0.00385,0.001397,0.002743,0.969
83195-9-0-11.wav,83195,5.5,9.5,2,10,9,street_music,C:\Users\USER\Desktop\한이음\학습파일\UrbanSound8K\audio\fold10\83195-9-0-11.wav,9,street_music,street_music,0.9707,True,0.003242,0.003767,0.002401,0.003914,0.003439,0.002785,0.00446,0.002857,0.002247,0.9707
83195-9-0-14.wav,83195,7.0,11.0,2,10,9,street_music,C:\Users\USER\Desktop\한이음\학습파일\UrbanSound8K\audio\fold10\83195-9-0-14.wav,9,street_music,street_music,0.9644,True,0.004463,0.002588,0.00226,0.00444,0.003994,0.003986,0.007088,0.003305,0.003311,0.9644
83195-9-0-2.wav,83195,1.0,5.0,2,10,9,street_music,C:\Users\USER\Desktop\한이음\학습파일\UrbanSound8K\audio\fold10\83195-9-0-2.wav,9,street_music,street_music,0.9746,True,0.002733,0.00153,0.002934,0.003893,0.003258,0.002495,0.00387,0.002625,0.002048,0.9746
83195-9-0-3.wav,83195,1.5,5.5,2,10,9,street_music,C:\Users\USER\Desktop\한이음\학습파일\UrbanSound8K\audio\fold10\83195-9-0-3.wav,9,street_music,street_music,0.974,True,0.002502,0.001687,0.003933,0.00476,0.003357,0.001897,0.00301,0.002972,0.001806,0.974
83195-9-0-6.wav,83195,3.0,7.0,2,10,9,street_music,C:\Users\USER\Desktop\한이음\학습파일\UrbanSound8K\audio\fold10\83195-9-0-6.wav,9,street_music,street_music,0.967,True,0.003824,0.00297,0.002718,0.005707,0.004227,0.00379,0.00429,0.003178,0.002367,0.967
83195-9-0-7.wav,83195,3.5,7.5,2,10,9,street_music,C:\Users\USER\Desktop\한이음\학습파일\UrbanSound8K\audio\fold10\83195-9-0-7.wav,9,street_music,street_music,0.971,True,0.003702,0.002321,0.003061,0.003408,0.004177,0.00291,0.00426,0.002697,0.002285,0.971
83502-0-0-0.wav,83502,0.0,4.0,2,10,0,air_conditioner,C:\Users\USER\Desktop\한이음\학습파일\UrbanSound8K\audio\fold10\83502-0-0-0.wav,0,air_conditioner,air_conditioner,0.81,True,0.81,0.00615,0.039,0.0502,0.006847,0.0377,0.005188,0.004173,0.009415,0.03128
83502-0-0-1.wav,83502,0.5,4.5,2,10,0,air_conditioner,C:\Users\USER\Desktop\한이음\학습파일\UrbanSound8K\audio\fold10\83502-0-0-1.wav,0,air_conditioner,air_conditioner,0.6143,True,0.6143,0.007477,0.1711,0.01325,0.01393,0.02133,0.01281,0.00566,0.010124,0.1302
83502-0-0-10.wav,83502,5.0,9.0,2,10,0,air_conditioner,C:\Users\USER\Desktop\한이음\학습파일\UrbanSound8K\audio\fold10\83502-0-0-10.wav,0,air_conditioner,air_conditioner,0.934,True,0.934,0.002766,0.003345,0.0259,0.00658,0.004326,0.00399,0.003414,0.006573,0.00912
83502-0-0-11.wav,83502,5.5,9.5,2,10,0,air_conditioner,C:\Users\USER\Desktop\한이음\학습파일\UrbanSound8K\audio\fold10\83502-0-0-11.wav,0,air_conditioner,air_conditioner,0.609,True,0.609,0.004883,0.0784,0.1774,0.01563,0.00978,0.01064,0.00789,0.0237,0.06256
83502-0-0-12.wav,83502,6.0,10.0,2,10,0,air_conditioner,C:\Users\USER\Desktop\한이음\학습파일\UrbanSound8K\audio\fold10\83502-0-0-12.wav,0,air_conditioner,children_playing,0.4524,False,0.2114,0.00574,0.4524,0.1842,0.014885,0.00955,0.013824,0.01046,0.01715,0.08014
83502-0-0-13.wav,83502,6.5,10.5,2,10,0,air_conditioner,C:\Users\USER\Desktop\한이음\학습파일\UrbanSound8K\audio\fold10\83502-0-0-13.wav,0,air_conditioner,air_conditioner,0.5127,True,0.5127,0.006573,0.2162,0.1209,0.01822,0.01588,0.01414,0.008286,0.01496,0.072
83502-0-0-2.wav,83502,1.0,5.0,2,10,0,air_conditioner,C:\Users\USER\Desktop\한이음\학습파일\UrbanSound8K\audio\fold10\83502-0-0-2.wav,0,air_conditioner,air_conditioner,0.8555,True,0.8555,0.004356,0.02213,0.03888,0.00874,0.02185,0.01063,0.00227,0.0117,0.02394
83502-0-0-3.wav,83502,1.5,5.5,2,10,0,air_conditioner,C:\Users\USER\Desktop\한이음\학습파일\UrbanSound8K\audio\fold10\83502-0-0-3.wav,0,air_conditioner,air_conditioner,0.9175,True,0.9175,0.0018425,0.002022,0.04376,0.004066,0.00911,0.00371,0.00209,0.01041,0.00534
83502-0-0-4.wav,83502,2.0,6.0,2,10,0,air_conditioner,C:\Users\USER\Desktop\한이음\학습파일\UrbanSound8K\audio\fold10\83502-0-0-4.wav,0,air_conditioner,air_conditioner,0.9463,True,0.9463,0.001866,0.001406,0.02336,0.003174,0.006275,0.002903,0.00136,0.010025,0.003319
83502-0-0-5.wav,83502,2.5,6.5,2,10,0,air_conditioner,C:\Users\USER\Desktop\한이음\학습파일\UrbanSound8K\audio\fold10\83502-0-0-5.wav,0,air_conditioner,air_conditioner,0.9336,True,0.9336,0.002672,0.002924,0.02827,0.006844,0.003174,0.003761,0.002907,0.0086,0.00702
83502-0-0-6.wav,83502,3.0,7.0,2,10,0,air_conditioner,C:\Users\USER\Desktop\한이음\학습파일\UrbanSound8K\audio\fold10\83502-0-0-6.wav,0,air_conditioner,air_conditioner,0.925,True,0.925,0.003267,0.002726,0.02608,0.01105,0.004368,0.004417,0.00817,0.00789,0.00712
83502-0-0-7.wav,83502,3.5,7.5,2,10,0,air_conditioner,C:\Users\USER\Desktop\한이음\학습파일\UrbanSound8K\audio\fold10\83502-0-0-7.wav,0,air_conditioner,air_conditioner,0.6143,True,0.6143,0.00822,0.0734,0.1835,0.01333,0.02577,0.015434,0.013306,0.0132,0.03986
83502-0-0-8.wav,83502,4.0,8.0,2,10,0,air_conditioner,C:\Users\USER\Desktop\한이음\학습파일\UrbanSound8K\audio\fold10\83502-0-0-8.wav,0,air_conditioner,air_conditioner,0.65,True,0.65,0.005733,0.1081,0.1294,0.00888,0.03027,0.01475,0.00916,0.01241,0.0315
83502-0-0-9.wav,83502,4.5,8.5,2,10,0,air_conditioner,C:\Users\USER\Desktop\한이음\학습파일\UrbanSound8K\audio\fold10\83502-0-0-9.wav,0,air_conditioner,air_conditioner,0.9043,True,0.9043,0.002842,0.00838,0.04263,0.003695,0.01082,0.005825,0.0042,0.00585,0.01165
84249-9-0-10.wav,84249,5.0,9.0,2,10,9,street_music,C:\Users\USER\Desktop\한이음\학습파일\UrbanSound8K\audio\fold10\84249-9-0-10.wav,9,street_music,street_music,0.964,True,0.0023,0.003998,0.002218,0.00373,0.005062,0.00384,0.007217,0.003479,0.0042,0.964
84249-9-0-11.wav,84249,5.5,9.5,2,10,9,street_music,C:\Users\USER\Desktop\한이음\학습파일\UrbanSound8K\audio\fold10\84249-9-0-11.wav,9,street_music,dog_bark,0.4773,False,0.00808,0.01313,0.00463,0.4773,0.0158,0.00703,0.02403,0.006157,0.01343,0.4304
84249-9-0-3.wav,84249,1.5,5.5,2,10,9,street_music,C:\Users\USER\Desktop\한이음\학습파일\UrbanSound8K\audio\fold10\84249-9-0-3.wav,9,street_music,street_music,0.9517,True,0.01058,0.003368,0.00248,0.00457,0.006546,0.00478,0.007668,0.002365,0.00593,0.9517
84249-9-0-6.wav,84249,3.0,7.0,2,10,9,street_music,C:\Users\USER\Desktop\한이음\학습파일\UrbanSound8K\audio\fold10\84249-9-0-6.wav,9,street_music,street_music,0.9766,True,0.0016575,0.002357,0.001817,0.002907,0.005043,0.002245,0.003447,0.001578,0.002207,0.9766
84249-9-0-7.wav,84249,3.5,7.5,2,10,9,street_music,C:\Users\USER\Desktop\한이음\학습파일\UrbanSound8K\audio\fold10\84249-9-0-7.wav,9,street_music,street_music,0.9707,True,0.002312,0.002268,0.002584,0.003393,0.00601,0.00236,0.00568,0.001908,0.003,0.9707
84249-9-0-8.wav,84249,4.0,8.0,2,10,9,street_music,C:\Users\USER\Desktop\한이음\학습파일\UrbanSound8K\audio\fold10\84249-9-0-8.wav,9,street_music,street_music,0.9697,True,0.00185,0.003088,0.00258,0.003477,0.004562,0.002678,0.00668,0.002077,0.003462,0.9697
85574-3-0-0.wav,85574,0.0,4.0,2,10,3,dog_bark,C:\Users\USER\Desktop\한이음\학습파일\UrbanSound8K\audio\fold10\85574-3-0-0.wav,3,dog_bark,dog_bark,0.964,True,0.003485,0.00345,0.00266,0.964,0.00513,0.004887,0.004578,0.003809,0.003489,0.00444
85574-3-0-12.wav,85574,6.0,10.0,2,10,3,dog_bark,C:\Users\USER\Desktop\한이음\학습파일\UrbanSound8K\audio\fold10\85574-3-0-12.wav,3,dog_bark,dog_bark,0.975,True,0.002668,0.002438,0.001728,0.975,0.00296,0.003147,0.003445,0.002094,0.003166,0.003033
85574-3-0-2.wav,85574,1.0,5.0,2,10,3,dog_bark,C:\Users\USER\Desktop\한이음\학습파일\UrbanSound8K\audio\fold10\85574-3-0-2.wav,3,dog_bark,dog_bark,0.976,True,0.00294,0.002645,0.002413,0.976,0.003225,0.002623,0.00274,0.002142,0.002577,0.002466
85574-3-0-8.wav,85574,4.0,8.0,2,10,3,dog_bark,C:\Users\USER\Desktop\한이음\학습파일\UrbanSound8K\audio\fold10\85574-3-0-8.wav,3,dog_bark,dog_bark,0.9775,True,0.002508,0.002228,0.002337,0.9775,0.00327,0.002352,0.003038,0.001889,0.002245,0.002415
85665-3-0-0.wav,85665,0.0,1.358367,1,10,3,dog_bark,C:\Users\USER\Desktop\한이음\학습파일\UrbanSound8K\audio\fold10\85665-3-0-0.wav,3,dog_bark,dog_bark,0.947,True,0.005608,0.005413,0.00254,0.947,0.005672,0.003788,0.004993,0.002544,0.01724,0.005486
88121-8-0-0.wav,88121,0.0,4.0,2,10,8,siren,C:\Users\USER\Desktop\한이음\학습파일\UrbanSound8K\audio\fold10\88121-8-0-0.wav,8,siren,siren,0.96,True,0.00536,0.002775,0.002096,0.00547,0.00493,0.00618,0.00523,0.003738,0.96,0.004463
88121-8-0-1.wav,88121,0.5,4.5,2,10,8,siren,C:\Users\USER\Desktop\한이음\학습파일\UrbanSound8K\audio\fold10\88121-8-0-1.wav,8,siren,siren,0.9653,True,0.005184,0.001862,0.001485,0.004913,0.005127,0.005913,0.003914,0.00255,0.9653,0.003626
88121-8-0-2.wav,88121,1.0,5.0,2,10,8,siren,C:\Users\USER\Desktop\한이음\학습파일\UrbanSound8K\audio\fold10\88121-8-0-2.wav,8,siren,siren,0.9644,True,0.007553,0.001713,0.001404,0.004807,0.006104,0.00472,0.00343,0.00195,0.9644,0.004208
88121-8-0-3.wav,88121,1.5,5.5,2,10,8,siren,C:\Users\USER\Desktop\한이음\학습파일\UrbanSound8K\audio\fold10\88121-8-0-3.wav,8,siren,siren,0.9614,True,0.007435,0.001335,0.001401,0.00658,0.00642,0.005352,0.003439,0.002115,0.9614,0.0047
88121-8-1-0.wav,88121,10.767184,11.870933,2,10,8,siren,C:\Users\USER\Desktop\한이음\학습파일\UrbanSound8K\audio\fold10\88121-8-1-0.wav,8,siren,siren,0.9277,True,0.00242,0.00549,0.002474,0.01241,0.01418,0.00709,0.00779,0.006046,0.9277,0.01426
88121-8-2-0.wav,88121,12.411545,14.36,2,10,8,siren,C:\Users\USER\Desktop\한이음\학습파일\UrbanSound8K\audio\fold10\88121-8-2-0.wav,8,siren,siren,0.941,True,0.004,0.00272,0.005157,0.00782,0.01023,0.003141,0.00665,0.00597,0.941,0.01324
93567-8-0-0.wav,93567,4.044365,8.044364999999999,2,10,8,siren,C:\Users\USER\Desktop\한이음\학습파일\UrbanSound8K\audio\fold10\93567-8-0-0.wav,8,siren,siren,0.92,True,0.00453,0.00756,0.002838,0.00604,0.01665,0.008316,0.005234,0.005886,0.92,0.023
93567-8-0-1.wav,93567,4.544365,8.544364999999999,2,10,8,siren,C:\Users\USER\Desktop\한이음\학습파일\UrbanSound8K\audio\fold10\93567-8-0-1.wav,8,siren,siren,0.9224,True,0.005558,0.00678,0.002584,0.006332,0.01324,0.006496,0.00717,0.00644,0.9224,0.02313
93567-8-0-10.wav,93567,9.044365,13.044365,2,10,8,siren,C:\Users\USER\Desktop\한이음\학습파일\UrbanSound8K\audio\fold10\93567-8-0-10.wav,8,siren,siren,0.951,True,0.007805,0.004253,0.00236,0.00766,0.005333,0.00502,0.00621,0.004105,0.951,0.00597
93567-8-0-11.wav,93567,9.544365,13.544365,2,10,8,siren,C:\Users\USER\Desktop\한이음\학습파일\UrbanSound8K\audio\fold10\93567-8-0-11.wav,8,siren,siren,0.9497,True,0.00741,0.004402,0.00248,0.007694,0.005703,0.005367,0.006737,0.004997,0.9497,0.005493
93567-8-0-12.wav,93567,10.044365,14.044365,2,10,8,siren,C:\Users\USER\Desktop\한이음\학습파일\UrbanSound8K\audio\fold10\93567-8-0-12.wav,8,siren,siren,0.9453,True,0.0078,0.005215,0.002457,0.00828,0.006832,0.00578,0.007008,0.005165,0.9453,0.006035
93567-8-0-13.wav,93567,10.544365,14.544365,2,10,8,siren,C:\Users\USER\Desktop\한이음\학습파일\UrbanSound8K\audio\fold10\93567-8-0-13.wav,8,siren,siren,0.9434,True,0.01023,0.00512,0.00214,0.0077,0.00766,0.005573,0.00701,0.004646,0.9434,0.006416
93567-8-0-14.wav,93567,11.044365,15.044365,2,10,8,siren,C:\Users\USER\Desktop\한이음\학습파일\UrbanSound8K\audio\fold10\93567-8-0-14.wav,8,siren,siren,0.9507,True,0.009415,0.00404,0.001855,0.00673,0.006725,0.004406,0.005962,0.004467,0.9507,0.005688
93567-8-0-15.wav,93567,11.544365,15.544365,2,10,8,siren,C:\Users\USER\Desktop\한이음\학습파일\UrbanSound8K\audio\fold10\93567-8-0-15.wav,8,siren,siren,0.9473,True,0.008125,0.005424,0.002314,0.006733,0.00621,0.005215,0.00753,0.00546,0.9473,0.00555
93567-8-0-16.wav,93567,12.044365,16.044365,2,10,8,siren,C:\Users\USER\Desktop\한이음\학습파일\UrbanSound8K\audio\fold10\93567-8-0-16.wav,8,siren,siren,0.946,True,0.00789,0.006256,0.002615,0.00681,0.005955,0.005787,0.00734,0.00606,0.946,0.005608
93567-8-0-17.wav,93567,12.544365,16.544365,2,10,8,siren,C:\Users\USER\Desktop\한이음\학습파일\UrbanSound8K\audio\fold10\93567-8-0-17.wav,8,siren,siren,0.953,True,0.005802,0.00557,0.00251,0.00588,0.00515,0.0054,0.00639,0.005096,0.953,0.005093
93567-8-0-18.wav,93567,13.044365,17.044365,2,10,8,siren,C:\Users\USER\Desktop\한이음\학습파일\UrbanSound8K\audio\fold10\93567-8-0-18.wav,8,siren,siren,0.9565,True,0.00416,0.004562,0.002329,0.006382,0.007214,0.005276,0.005863,0.003317,0.9565,0.00451
93567-8-0-19.wav,93567,13.544365,17.544365,2,10,8,siren,C:\Users\USER\Desktop\한이음\학습파일\UrbanSound8K\audio\fold10\93567-8-0-19.wav,8,siren,siren,0.9478,True,0.005295,0.004417,0.002298,0.00628,0.010284,0.007214,0.00765,0.004093,0.9478,0.00478
93567-8-0-2.wav,93567,5.044365,9.044365,2,10,8,siren,C:\Users\USER\Desktop\한이음\학습파일\UrbanSound8K\audio\fold10\93567-8-0-2.wav,8,siren,siren,0.9443,True,0.00971,0.004936,0.002827,0.00581,0.01158,0.00514,0.00565,0.004948,0.9443,0.00496
93567-8-0-3.wav,93567,5.544365,9.544365,2,10,8,siren,C:\Users\USER\Desktop\한이음\학습파일\UrbanSound8K\audio\fold10\93567-8-0-3.wav,8,siren,siren,0.9585,True,0.006355,0.004,0.002558,0.005066,0.00551,0.00541,0.004868,0.003534,0.9585,0.00443
93567-8-0-4.wav,93567,6.044365,10.044365,2,10,8,siren,C:\Users\USER\Desktop\한이음\학습파일\UrbanSound8K\audio\fold10\93567-8-0-4.wav,8,siren,siren,0.9614,True,0.005295,0.003387,0.002125,0.00418,0.006268,0.004356,0.00497,0.003181,0.9614,0.004745
93567-8-0-5.wav,93567,6.544365,10.544365,2,10,8,siren,C:\Users\USER\Desktop\한이음\학습파일\UrbanSound8K\audio\fold10\93567-8-0-5.wav,8,siren,siren,0.953,True,0.007442,0.003767,0.00268,0.005993,0.00666,0.004696,0.00668,0.003239,0.953,0.00573
93567-8-0-6.wav,93567,7.044365,11.044365,2,10,8,siren,C:\Users\USER\Desktop\한이음\학습파일\UrbanSound8K\audio\fold10\93567-8-0-6.wav,8,siren,siren,0.944,True,0.004997,0.005222,0.00273,0.00991,0.006233,0.0047,0.00894,0.00432,0.944,0.00909
93567-8-0-7.wav,93567,7.544365,11.544365,2,10,8,siren,C:\Users\USER\Desktop\한이음\학습파일\UrbanSound8K\audio\fold10\93567-8-0-7.wav,8,siren,siren,0.951,True,0.006184,0.003563,0.002234,0.01213,0.004955,0.00482,0.005486,0.003428,0.951,0.00609
93567-8-0-8.wav,93567,8.044364999999999,12.044365,2,10,8,siren,C:\Users\USER\Desktop\한이음\학습파일\UrbanSound8K\audio\fold10\93567-8-0-8.wav,8,siren,siren,0.9497,True,0.006897,0.002728,0.00208,0.01581,0.004677,0.00475,0.00574,0.002947,0.9497,0.004612
93567-8-0-9.wav,93567,8.544364999999999,12.544365,2,10,8,siren,C:\Users\USER\Desktop\한이음\학습파일\UrbanSound8K\audio\fold10\93567-8-0-9.wav,8,siren,siren,0.952,True,0.00832,0.003899,0.002312,0.01108,0.004707,0.00403,0.005405,0.00334,0.952,0.004963
97756-3-0-0.wav,97756,0.141727,1.290466,1,10,3,dog_bark,C:\Users\USER\Desktop\한이음\학습파일\UrbanSound8K\audio\fold10\97756-3-0-0.wav,3,dog_bark,dog_bark,0.9644,True,0.004757,0.00536,0.002354,0.9644,0.004726,0.003544,0.00384,0.003937,0.00391,0.003216
99192-4-0-0.wav,99192,0.0,4.0,1,10,4,drilling,C:\Users\USER\Desktop\한이음\학습파일\UrbanSound8K\audio\fold10\99192-4-0-0.wav,4,drilling,drilling,0.975,True,0.003918,0.003126,0.002094,0.002596,0.975,0.002548,0.002567,0.00277,0.00278,0.00236
99192-4-0-1.wav,99192,0.5,4.5,1,10,4,drilling,C:\Users\USER\Desktop\한이음\학습파일\UrbanSound8K\audio\fold10\99192-4-0-1.wav,4,drilling,drilling,0.98,True,0.003101,0.002628,0.001665,0.002409,0.98,0.001957,0.00236,0.002317,0.002111,0.0016775
99192-4-0-12.wav,99192,6.0,10.0,1,10,4,drilling,C:\Users\USER\Desktop\한이음\학습파일\UrbanSound8K\audio\fold10\99192-4-0-12.wav,4,drilling,drilling,0.9727,True,0.0051,0.003119,0.00208,0.003202,0.9727,0.00279,0.00349,0.001862,0.00317,0.002544
99192-4-0-15.wav,99192,7.5,11.5,1,10,4,drilling,C:\Users\USER\Desktop\한이음\학습파일\UrbanSound8K\audio\fold10\99192-4-0-15.wav,4,drilling,drilling,0.974,True,0.005264,0.002773,0.002098,0.002647,0.974,0.002117,0.00297,0.00256,0.002832,0.002563
99192-4-0-17.wav,99192,8.5,12.5,1,10,4,drilling,C:\Users\USER\Desktop\한이음\학습파일\UrbanSound8K\audio\fold10\99192-4-0-17.wav,4,drilling,drilling,0.977,True,0.00413,0.00272,0.002132,0.002426,0.977,0.00238,0.002983,0.001424,0.002407,0.002441
99192-4-0-18.wav,99192,9.0,13.0,1,10,4,drilling,C:\Users\USER\Desktop\한이음\학습파일\UrbanSound8K\audio\fold10\99192-4-0-18.wav,4,drilling,drilling,0.9766,True,0.003754,0.002695,0.002037,0.002588,0.9766,0.002882,0.002674,0.002014,0.001978,0.002607
99192-4-0-20.wav,99192,10.0,14.0,1,10,4,drilling,C:\Users\USER\Desktop\한이음\학습파일\UrbanSound8K\audio\fold10\99192-4-0-20.wav,4,drilling,drilling,0.9805,True,0.003296,0.002361,0.001628,0.001924,0.9805,0.001729,0.00232,0.002361,0.002169,0.001656
99192-4-0-24.wav,99192,12.0,16.0,1,10,4,drilling,C:\Users\USER\Desktop\한이음\학습파일\UrbanSound8K\audio\fold10\99192-4-0-24.wav,4,drilling,drilling,0.9663,True,0.003975,0.003653,0.00367,0.00409,0.9663,0.003866,0.003626,0.001754,0.003967,0.005184
99192-4-0-26.wav,99192,13.0,17.0,1,10,4,drilling,C:\Users\USER\Desktop\한이음\학습파일\UrbanSound8K\audio\fold10\99192-4-0-26.wav,4,drilling,drilling,0.971,True,0.005104,0.003088,0.002375,0.003128,0.971,0.003702,0.003334,0.002155,0.00326,0.002777
99192-4-0-27.wav,99192,13.5,17.5,1,10,4,drilling,C:\Users\USER\Desktop\한이음\학습파일\UrbanSound8K\audio\fold10\99192-4-0-27.wav,4,drilling,drilling,0.9683,True,0.00635,0.003635,0.002142,0.003824,0.9683,0.00316,0.00356,0.002144,0.003506,0.003212
99192-4-0-28.wav,99192,14.0,18.0,1,10,4,drilling,C:\Users\USER\Desktop\한이음\학습파일\UrbanSound8K\audio\fold10\99192-4-0-28.wav,4,drilling,drilling,0.9746,True,0.00556,0.002726,0.001925,0.003073,0.9746,0.00279,0.003096,0.001391,0.0026,0.002287
99192-4-0-3.wav,99192,1.5,5.5,1,10,4,drilling,C:\Users\USER\Desktop\한이음\학습파일\UrbanSound8K\audio\fold10\99192-4-0-3.wav,4,drilling,drilling,0.9736,True,0.00445,0.0032,0.002224,0.00276,0.9736,0.003092,0.003506,0.001649,0.002758,0.002651
99192-4-0-30.wav,99192,15.0,19.0,1,10,4,drilling,C:\Users\USER\Desktop\한이음\학습파일\UrbanSound8K\audio\fold10\99192-4-0-30.wav,4,drilling,drilling,0.9697,True,0.00538,0.003597,0.002167,0.003813,0.9697,0.003164,0.003887,0.001997,0.003353,0.003103
99192-4-0-32.wav,99192,16.0,20.0,1,10,4,drilling,C:\Users\USER\Desktop\한이음\학습파일\UrbanSound8K\audio\fold10\99192-4-0-32.wav,4,drilling,drilling,0.971,True,0.005493,0.00289,0.00211,0.003183,0.971,0.003422,0.003042,0.002596,0.003113,0.003033
99192-4-0-33.wav,99192,16.5,20.5,1,10,4,drilling,C:\Users\USER\Desktop\한이음\학습파일\UrbanSound8K\audio\fold10\99192-4-0-33.wav,4,drilling,drilling,0.972,True,0.005287,0.003263,0.001749,0.002998,0.972,0.003677,0.003088,0.001671,0.00305,0.003128
99192-4-0-38.wav,99192,19.0,23.0,1,10,4,drilling,C:\Users\USER\Desktop\한이음\학습파일\UrbanSound8K\audio\fold10\99192-4-0-38.wav,4,drilling,drilling,0.978,True,0.004032,0.002459,0.001703,0.002737,0.978,0.002174,0.002699,0.0017605,0.002842,0.001806
99192-4-0-40.wav,99192,20.0,24.0,1,10,4,drilling,C:\Users\USER\Desktop\한이음\학습파일\UrbanSound8K\audio\fold10\99192-4-0-40.wav,4,drilling,drilling,0.9727,True,0.004642,0.002869,0.00196,0.00347,0.9727,0.003275,0.003643,0.001733,0.003468,0.002527
99192-4-0-41.wav,99192,20.5,24.5,1,10,4,drilling,C:\Users\USER\Desktop\한이음\학습파일\UrbanSound8K\audio\fold10\99192-4-0-41.wav,4,drilling,drilling,0.974,True,0.004047,0.002924,0.001888,0.003035,0.974,0.00297,0.00288,0.002106,0.003044,0.00276
99192-4-0-43.wav,99192,21.5,25.5,1,10,4,drilling,C:\Users\USER\Desktop\한이음\학습파일\UrbanSound8K\audio\fold10\99192-4-0-43.wav,4,drilling,drilling,0.9707,True,0.005238,0.003458,0.00206,0.002998,0.9707,0.002954,0.002846,0.004036,0.003023,0.00265
99192-4-0-47.wav,99192,23.5,27.5,1,10,4,drilling,C:\Users\USER\Desktop\한이음\학습파일\UrbanSound8K\audio\fold10\99192-4-0-47.wav,4,drilling,drilling,0.9795,True,0.004696,0.002413,0.00159,0.002138,0.9795,0.002096,0.002422,0.001527,0.001747,0.002043
99192-4-0-48.wav,99192,24.0,28.0,1,10,4,drilling,C:\Users\USER\Desktop\한이음\학습파일\UrbanSound8K\audio\fold10\99192-4-0-48.wav,4,drilling,drilling,0.973,True,0.005795,0.003597,0.002241,0.002949,0.973,0.002558,0.003233,0.002026,0.002504,0.002085
99192-4-0-49.wav,99192,24.5,28.5,1,10,4,drilling,C:\Users\USER\Desktop\한이음\학습파일\UrbanSound8K\audio\fold10\99192-4-0-49.wav,4,drilling,drilling,0.9736,True,0.00668,0.003496,0.002134,0.002659,0.9736,0.002037,0.002722,0.001978,0.002626,0.00179
99192-4-0-52.wav,99192,26.0,30.0,1,10,4,drilling,C:\Users\USER\Desktop\한이음\학습파일\UrbanSound8K\audio\fold10\99192-4-0-52.wav,4,drilling,drilling,0.9766,True,0.004772,0.002333,0.001561,0.002615,0.9766,0.002989,0.0028,0.001678,0.002098,0.002716
99192-4-0-53.wav,99192,26.5,30.5,1,10,4,drilling,C:\Users\USER\Desktop\한이음\학습파일\UrbanSound8K\audio\fold10\99192-4-0-53.wav,4,drilling,drilling,0.9805,True,0.003586,0.002007,0.001445,0.002014,0.9805,0.00204,0.002394,0.002535,0.001914,0.00169
99192-4-0-54.wav,99192,27.0,31.0,1,10,4,drilling,C:\Users\USER\Desktop\한이음\학습파일\UrbanSound8K\audio\fold10\99192-4-0-54.wav,4,drilling,drilling,0.9717,True,0.005634,0.002613,0.00167,0.003397,0.9717,0.003002,0.003138,0.004265,0.002722,0.00201
99192-4-0-55.wav,99192,27.5,31.5,1,10,4,drilling,C:\Users\USER\Desktop\한이음\학습파일\UrbanSound8K\audio\fold10\99192-4-0-55.wav,4,drilling,drilling,0.9727,True,0.005253,0.002771,0.002085,0.002739,0.9727,0.003187,0.003424,0.00282,0.003021,0.00217
99192-4-0-7.wav,99192,3.5,7.5,1,10,4,drilling,C:\Users\USER\Desktop\한이음\학습파일\UrbanSound8K\audio\fold10\99192-4-0-7.wav,4,drilling,drilling,0.972,True,0.00458,0.003199,0.001968,0.003454,0.972,0.003494,0.003677,0.001822,0.00302,0.002605
